{
  "_comment": "code automatically generated by pycrate_asn1c",
  "nodes": [
    {"id": "_IMPL_.REAL", "group": 0},
    {"id": "_IMPL_.EXTERNAL", "group": 0},
    {"id": "_IMPL_.EMBEDDED PDV", "group": 0},
    {"id": "_IMPL_.CHARACTER STRING", "group": 0},
    {"id": "_IMPL_.TYPE-IDENTIFIER", "group": 0},
    {"id": "_IMPL_.ABSTRACT-SYNTAX", "group": 0},
    {"id": "EtsiTs103097ExtensionModule.ExtensionModuleVersion", "group": 2},
    {"id": "EtsiTs103097ExtensionModule.Extension", "group": 2},
    {"id": "EtsiTs103097ExtensionModule.EXT-TYPE", "group": 2},
    {"id": "EtsiTs103097ExtensionModule.ExtId", "group": 2},
    {"id": "EtsiTs103097ExtensionModule.EtsiOriginatingHeaderInfoExtension", "group": 2},
    {"id": "EtsiTs103097ExtensionModule.EtsiTs103097HeaderInfoExtensionId", "group": 2},
    {"id": "EtsiTs103097ExtensionModule.etsiTs102941CrlRequestId", "group": 2},
    {"id": "EtsiTs103097ExtensionModule.etsiTs102941DeltaCtlRequestId", "group": 2},
    {"id": "EtsiTs103097ExtensionModule.EtsiTs103097HeaderInfoExtensions", "group": 2},
    {"id": "EtsiTs103097ExtensionModule.EtsiTs102941CrlRequest", "group": 2},
    {"id": "EtsiTs103097ExtensionModule.EtsiTs102941CtlRequest", "group": 2},
    {"id": "EtsiTs103097ExtensionModule.EtsiTs102941DeltaCtlRequest", "group": 2},
    {"id": "Ieee1609Dot2.Ieee1609Dot2Data", "group": 3},
    {"id": "Ieee1609Dot2.Ieee1609Dot2Content", "group": 3},
    {"id": "Ieee1609Dot2.SignedData", "group": 3},
    {"id": "Ieee1609Dot2.ToBeSignedData", "group": 3},
    {"id": "Ieee1609Dot2.SignedDataPayload", "group": 3},
    {"id": "Ieee1609Dot2.HashedData", "group": 3},
    {"id": "Ieee1609Dot2.HeaderInfo", "group": 3},
    {"id": "Ieee1609Dot2.MissingCrlIdentifier", "group": 3},
    {"id": "Ieee1609Dot2.PduFunctionalType", "group": 3},
    {"id": "Ieee1609Dot2.tlsHandshake", "group": 3},
    {"id": "Ieee1609Dot2.iso21177ExtendedAuth", "group": 3},
    {"id": "Ieee1609Dot2.ContributedExtensionBlocks", "group": 3},
    {"id": "Ieee1609Dot2.ContributedExtensionBlock", "group": 3},
    {"id": "Ieee1609Dot2.IEEE1609DOT2-HEADERINFO-CONTRIBUTED-EXTENSION", "group": 3},
    {"id": "Ieee1609Dot2.Ieee1609Dot2HeaderInfoContributedExtensions", "group": 3},
    {"id": "Ieee1609Dot2.HeaderInfoContributorId", "group": 3},
    {"id": "Ieee1609Dot2.etsiHeaderInfoContributorId", "group": 3},
    {"id": "Ieee1609Dot2.SignerIdentifier", "group": 3},
    {"id": "Ieee1609Dot2.EncryptedData", "group": 3},
    {"id": "Ieee1609Dot2.RecipientInfo", "group": 3},
    {"id": "Ieee1609Dot2.SequenceOfRecipientInfo", "group": 3},
    {"id": "Ieee1609Dot2.PreSharedKeyRecipientInfo", "group": 3},
    {"id": "Ieee1609Dot2.SymmRecipientInfo", "group": 3},
    {"id": "Ieee1609Dot2.PKRecipientInfo", "group": 3},
    {"id": "Ieee1609Dot2.EncryptedDataEncryptionKey", "group": 3},
    {"id": "Ieee1609Dot2.SymmetricCiphertext", "group": 3},
    {"id": "Ieee1609Dot2.AesCcmCiphertext", "group": 3},
    {"id": "Ieee1609Dot2.Countersignature", "group": 3},
    {"id": "Ieee1609Dot2.Certificate", "group": 3},
    {"id": "Ieee1609Dot2.SequenceOfCertificate", "group": 3},
    {"id": "Ieee1609Dot2.CertificateBase", "group": 3},
    {"id": "Ieee1609Dot2.CertificateType", "group": 3},
    {"id": "Ieee1609Dot2.ImplicitCertificate", "group": 3},
    {"id": "Ieee1609Dot2.ExplicitCertificate", "group": 3},
    {"id": "Ieee1609Dot2.IssuerIdentifier", "group": 3},
    {"id": "Ieee1609Dot2.ToBeSignedCertificate", "group": 3},
    {"id": "Ieee1609Dot2.CertificateId", "group": 3},
    {"id": "Ieee1609Dot2.LinkageData", "group": 3},
    {"id": "Ieee1609Dot2.EndEntityType", "group": 3},
    {"id": "Ieee1609Dot2.PsidGroupPermissions", "group": 3},
    {"id": "Ieee1609Dot2.SequenceOfPsidGroupPermissions", "group": 3},
    {"id": "Ieee1609Dot2.SubjectPermissions", "group": 3},
    {"id": "Ieee1609Dot2.VerificationKeyIndicator", "group": 3},
    {"id": "Ieee1609Dot2BaseTypes.Uint3", "group": 4},
    {"id": "Ieee1609Dot2BaseTypes.Uint8", "group": 4},
    {"id": "Ieee1609Dot2BaseTypes.Uint16", "group": 4},
    {"id": "Ieee1609Dot2BaseTypes.Uint32", "group": 4},
    {"id": "Ieee1609Dot2BaseTypes.Uint64", "group": 4},
    {"id": "Ieee1609Dot2BaseTypes.SequenceOfUint8", "group": 4},
    {"id": "Ieee1609Dot2BaseTypes.SequenceOfUint16", "group": 4},
    {"id": "Ieee1609Dot2BaseTypes.Opaque", "group": 4},
    {"id": "Ieee1609Dot2BaseTypes.HashedId3", "group": 4},
    {"id": "Ieee1609Dot2BaseTypes.SequenceOfHashedId3", "group": 4},
    {"id": "Ieee1609Dot2BaseTypes.HashedId8", "group": 4},
    {"id": "Ieee1609Dot2BaseTypes.HashedId10", "group": 4},
    {"id": "Ieee1609Dot2BaseTypes.HashedId32", "group": 4},
    {"id": "Ieee1609Dot2BaseTypes.Time32", "group": 4},
    {"id": "Ieee1609Dot2BaseTypes.Time64", "group": 4},
    {"id": "Ieee1609Dot2BaseTypes.ValidityPeriod", "group": 4},
    {"id": "Ieee1609Dot2BaseTypes.Duration", "group": 4},
    {"id": "Ieee1609Dot2BaseTypes.GeographicRegion", "group": 4},
    {"id": "Ieee1609Dot2BaseTypes.CircularRegion", "group": 4},
    {"id": "Ieee1609Dot2BaseTypes.RectangularRegion", "group": 4},
    {"id": "Ieee1609Dot2BaseTypes.SequenceOfRectangularRegion", "group": 4},
    {"id": "Ieee1609Dot2BaseTypes.PolygonalRegion", "group": 4},
    {"id": "Ieee1609Dot2BaseTypes.TwoDLocation", "group": 4},
    {"id": "Ieee1609Dot2BaseTypes.IdentifiedRegion", "group": 4},
    {"id": "Ieee1609Dot2BaseTypes.SequenceOfIdentifiedRegion", "group": 4},
    {"id": "Ieee1609Dot2BaseTypes.CountryOnly", "group": 4},
    {"id": "Ieee1609Dot2BaseTypes.CountryAndRegions", "group": 4},
    {"id": "Ieee1609Dot2BaseTypes.CountryAndSubregions", "group": 4},
    {"id": "Ieee1609Dot2BaseTypes.RegionAndSubregions", "group": 4},
    {"id": "Ieee1609Dot2BaseTypes.SequenceOfRegionAndSubregions", "group": 4},
    {"id": "Ieee1609Dot2BaseTypes.ThreeDLocation", "group": 4},
    {"id": "Ieee1609Dot2BaseTypes.Latitude", "group": 4},
    {"id": "Ieee1609Dot2BaseTypes.Longitude", "group": 4},
    {"id": "Ieee1609Dot2BaseTypes.Elevation", "group": 4},
    {"id": "Ieee1609Dot2BaseTypes.NinetyDegreeInt", "group": 4},
    {"id": "Ieee1609Dot2BaseTypes.KnownLatitude", "group": 4},
    {"id": "Ieee1609Dot2BaseTypes.UnknownLatitude", "group": 4},
    {"id": "Ieee1609Dot2BaseTypes.OneEightyDegreeInt", "group": 4},
    {"id": "Ieee1609Dot2BaseTypes.KnownLongitude", "group": 4},
    {"id": "Ieee1609Dot2BaseTypes.UnknownLongitude", "group": 4},
    {"id": "Ieee1609Dot2BaseTypes.Signature", "group": 4},
    {"id": "Ieee1609Dot2BaseTypes.EcdsaP256Signature", "group": 4},
    {"id": "Ieee1609Dot2BaseTypes.EcdsaP384Signature", "group": 4},
    {"id": "Ieee1609Dot2BaseTypes.EccP256CurvePoint", "group": 4},
    {"id": "Ieee1609Dot2BaseTypes.EccP384CurvePoint", "group": 4},
    {"id": "Ieee1609Dot2BaseTypes.SymmAlgorithm", "group": 4},
    {"id": "Ieee1609Dot2BaseTypes.HashAlgorithm", "group": 4},
    {"id": "Ieee1609Dot2BaseTypes.EciesP256EncryptedKey", "group": 4},
    {"id": "Ieee1609Dot2BaseTypes.EncryptionKey", "group": 4},
    {"id": "Ieee1609Dot2BaseTypes.PublicEncryptionKey", "group": 4},
    {"id": "Ieee1609Dot2BaseTypes.BasePublicEncryptionKey", "group": 4},
    {"id": "Ieee1609Dot2BaseTypes.PublicVerificationKey", "group": 4},
    {"id": "Ieee1609Dot2BaseTypes.SymmetricEncryptionKey", "group": 4},
    {"id": "Ieee1609Dot2BaseTypes.PsidSsp", "group": 4},
    {"id": "Ieee1609Dot2BaseTypes.SequenceOfPsidSsp", "group": 4},
    {"id": "Ieee1609Dot2BaseTypes.Psid", "group": 4},
    {"id": "Ieee1609Dot2BaseTypes.SequenceOfPsid", "group": 4},
    {"id": "Ieee1609Dot2BaseTypes.ServiceSpecificPermissions", "group": 4},
    {"id": "Ieee1609Dot2BaseTypes.BitmapSsp", "group": 4},
    {"id": "Ieee1609Dot2BaseTypes.PsidSspRange", "group": 4},
    {"id": "Ieee1609Dot2BaseTypes.SequenceOfPsidSspRange", "group": 4},
    {"id": "Ieee1609Dot2BaseTypes.SspRange", "group": 4},
    {"id": "Ieee1609Dot2BaseTypes.BitmapSspRange", "group": 4},
    {"id": "Ieee1609Dot2BaseTypes.SequenceOfOctetString", "group": 4},
    {"id": "Ieee1609Dot2BaseTypes.SubjectAssurance", "group": 4},
    {"id": "Ieee1609Dot2BaseTypes.CrlSeries", "group": 4},
    {"id": "Ieee1609Dot2BaseTypes.IValue", "group": 4},
    {"id": "Ieee1609Dot2BaseTypes.Hostname", "group": 4},
    {"id": "Ieee1609Dot2BaseTypes.LinkageValue", "group": 4},
    {"id": "Ieee1609Dot2BaseTypes.GroupLinkageValue", "group": 4},
    {"id": "Ieee1609Dot2BaseTypes.LaId", "group": 4},
    {"id": "Ieee1609Dot2BaseTypes.LinkageSeed", "group": 4}
  ],
  "links": [
    {"source": "Ieee1609Dot2BaseTypes.Time64", "target": "Ieee1609Dot2BaseTypes.Uint64", "value": 1},
    {"source": "Ieee1609Dot2BaseTypes.UnknownLatitude", "target": "Ieee1609Dot2BaseTypes.NinetyDegreeInt", "value": 1},
    {"source": "EtsiTs103097ExtensionModule.EtsiOriginatingHeaderInfoExtension", "target": "EtsiTs103097ExtensionModule.Extension", "value": 1},
    {"source": "EtsiTs103097ExtensionModule.EtsiOriginatingHeaderInfoExtension", "target": "EtsiTs103097ExtensionModule.EtsiTs103097HeaderInfoExtensions", "value": 1},
    {"source": "Ieee1609Dot2BaseTypes.EciesP256EncryptedKey", "target": "Ieee1609Dot2BaseTypes.EccP256CurvePoint", "value": 1},
    {"source": "Ieee1609Dot2BaseTypes.SequenceOfIdentifiedRegion", "target": "Ieee1609Dot2BaseTypes.IdentifiedRegion", "value": 1},
    {"source": "Ieee1609Dot2.ToBeSignedCertificate", "target": "Ieee1609Dot2.SequenceOfPsidGroupPermissions", "value": 1},
    {"source": "Ieee1609Dot2.ToBeSignedCertificate", "target": "Ieee1609Dot2.CertificateId", "value": 1},
    {"source": "Ieee1609Dot2.ToBeSignedCertificate", "target": "Ieee1609Dot2BaseTypes.PublicEncryptionKey", "value": 1},
    {"source": "Ieee1609Dot2.ToBeSignedCertificate", "target": "Ieee1609Dot2BaseTypes.SequenceOfPsidSsp", "value": 1},
    {"source": "Ieee1609Dot2.ToBeSignedCertificate", "target": "Ieee1609Dot2BaseTypes.SubjectAssurance", "value": 1},
    {"source": "Ieee1609Dot2.ToBeSignedCertificate", "target": "Ieee1609Dot2.VerificationKeyIndicator", "value": 1},
    {"source": "Ieee1609Dot2.ToBeSignedCertificate", "target": "Ieee1609Dot2BaseTypes.ValidityPeriod", "value": 1},
    {"source": "Ieee1609Dot2.ToBeSignedCertificate", "target": "Ieee1609Dot2BaseTypes.GeographicRegion", "value": 1},
    {"source": "Ieee1609Dot2.ToBeSignedCertificate", "target": "Ieee1609Dot2BaseTypes.HashedId3", "value": 1},
    {"source": "Ieee1609Dot2.ToBeSignedCertificate", "target": "Ieee1609Dot2BaseTypes.CrlSeries", "value": 1},
    {"source": "Ieee1609Dot2BaseTypes.Duration", "target": "Ieee1609Dot2BaseTypes.Uint16", "value": 1},
    {"source": "EtsiTs103097ExtensionModule.EtsiTs103097HeaderInfoExtensions", "target": "EtsiTs103097ExtensionModule.EXT-TYPE", "value": 1},
    {"source": "EtsiTs103097ExtensionModule.EtsiTs103097HeaderInfoExtensions", "target": "EtsiTs103097ExtensionModule.EtsiTs102941CrlRequest", "value": 1},
    {"source": "EtsiTs103097ExtensionModule.EtsiTs103097HeaderInfoExtensions", "target": "EtsiTs103097ExtensionModule.EtsiTs102941DeltaCtlRequest", "value": 1},
    {"source": "Ieee1609Dot2BaseTypes.PsidSsp", "target": "Ieee1609Dot2BaseTypes.ServiceSpecificPermissions", "value": 1},
    {"source": "Ieee1609Dot2BaseTypes.PsidSsp", "target": "Ieee1609Dot2BaseTypes.Psid", "value": 1},
    {"source": "Ieee1609Dot2.HeaderInfo", "target": "Ieee1609Dot2.PduFunctionalType", "value": 1},
    {"source": "Ieee1609Dot2.HeaderInfo", "target": "Ieee1609Dot2.ContributedExtensionBlocks", "value": 1},
    {"source": "Ieee1609Dot2.HeaderInfo", "target": "Ieee1609Dot2BaseTypes.Psid", "value": 1},
    {"source": "Ieee1609Dot2.HeaderInfo", "target": "Ieee1609Dot2.MissingCrlIdentifier", "value": 1},
    {"source": "Ieee1609Dot2.HeaderInfo", "target": "Ieee1609Dot2BaseTypes.Time64", "value": 1},
    {"source": "Ieee1609Dot2.HeaderInfo", "target": "Ieee1609Dot2BaseTypes.ThreeDLocation", "value": 1},
    {"source": "Ieee1609Dot2.HeaderInfo", "target": "Ieee1609Dot2.Certificate", "value": 1},
    {"source": "Ieee1609Dot2.HeaderInfo", "target": "Ieee1609Dot2BaseTypes.HashedId3", "value": 1},
    {"source": "Ieee1609Dot2.HeaderInfo", "target": "Ieee1609Dot2BaseTypes.SequenceOfHashedId3", "value": 1},
    {"source": "Ieee1609Dot2.HeaderInfo", "target": "Ieee1609Dot2BaseTypes.EncryptionKey", "value": 1},
    {"source": "Ieee1609Dot2.EncryptedData", "target": "Ieee1609Dot2.SequenceOfRecipientInfo", "value": 1},
    {"source": "Ieee1609Dot2.EncryptedData", "target": "Ieee1609Dot2.SymmetricCiphertext", "value": 1},
    {"source": "EtsiTs103097ExtensionModule.etsiTs102941CrlRequestId", "target": "EtsiTs103097ExtensionModule.EtsiTs103097HeaderInfoExtensionId", "value": 1},
    {"source": "Ieee1609Dot2BaseTypes.Latitude", "target": "Ieee1609Dot2BaseTypes.NinetyDegreeInt", "value": 1},
    {"source": "Ieee1609Dot2.CertificateId", "target": "Ieee1609Dot2BaseTypes.Hostname", "value": 1},
    {"source": "Ieee1609Dot2.CertificateId", "target": "Ieee1609Dot2.LinkageData", "value": 1},
    {"source": "Ieee1609Dot2.SubjectPermissions", "target": "Ieee1609Dot2BaseTypes.SequenceOfPsidSspRange", "value": 1},
    {"source": "Ieee1609Dot2BaseTypes.SequenceOfPsidSsp", "target": "Ieee1609Dot2BaseTypes.PsidSsp", "value": 1},
    {"source": "Ieee1609Dot2BaseTypes.ValidityPeriod", "target": "Ieee1609Dot2BaseTypes.Time32", "value": 1},
    {"source": "Ieee1609Dot2BaseTypes.ValidityPeriod", "target": "Ieee1609Dot2BaseTypes.Duration", "value": 1},
    {"source": "Ieee1609Dot2.AesCcmCiphertext", "target": "Ieee1609Dot2BaseTypes.Opaque", "value": 1},
    {"source": "Ieee1609Dot2.SequenceOfCertificate", "target": "Ieee1609Dot2.Certificate", "value": 1},
    {"source": "Ieee1609Dot2BaseTypes.ServiceSpecificPermissions", "target": "Ieee1609Dot2BaseTypes.BitmapSsp", "value": 1},
    {"source": "Ieee1609Dot2BaseTypes.PolygonalRegion", "target": "Ieee1609Dot2BaseTypes.TwoDLocation", "value": 1},
    {"source": "Ieee1609Dot2.RecipientInfo", "target": "Ieee1609Dot2.SymmRecipientInfo", "value": 1},
    {"source": "Ieee1609Dot2.RecipientInfo", "target": "Ieee1609Dot2.PKRecipientInfo", "value": 1},
    {"source": "Ieee1609Dot2.RecipientInfo", "target": "Ieee1609Dot2.PreSharedKeyRecipientInfo", "value": 1},
    {"source": "EtsiTs103097ExtensionModule.EtsiTs102941DeltaCtlRequest", "target": "EtsiTs103097ExtensionModule.EtsiTs102941CtlRequest", "value": 1},
    {"source": "Ieee1609Dot2.Ieee1609Dot2Content", "target": "Ieee1609Dot2.EncryptedData", "value": 1},
    {"source": "Ieee1609Dot2.Ieee1609Dot2Content", "target": "Ieee1609Dot2BaseTypes.Opaque", "value": 1},
    {"source": "Ieee1609Dot2.Ieee1609Dot2Content", "target": "Ieee1609Dot2.SignedData", "value": 1},
    {"source": "Ieee1609Dot2.ToBeSignedData", "target": "Ieee1609Dot2.HeaderInfo", "value": 1},
    {"source": "Ieee1609Dot2.ToBeSignedData", "target": "Ieee1609Dot2.SignedDataPayload", "value": 1},
    {"source": "Ieee1609Dot2BaseTypes.IValue", "target": "Ieee1609Dot2BaseTypes.Uint16", "value": 1},
    {"source": "EtsiTs103097ExtensionModule.EtsiTs103097HeaderInfoExtensionId", "target": "EtsiTs103097ExtensionModule.ExtId", "value": 1},
    {"source": "Ieee1609Dot2.ImplicitCertificate", "target": "Ieee1609Dot2.CertificateBase", "value": 1},
    {"source": "Ieee1609Dot2BaseTypes.KnownLatitude", "target": "Ieee1609Dot2BaseTypes.NinetyDegreeInt", "value": 1},
    {"source": "Ieee1609Dot2BaseTypes.SspRange", "target": "Ieee1609Dot2BaseTypes.SequenceOfOctetString", "value": 1},
    {"source": "Ieee1609Dot2BaseTypes.SspRange", "target": "Ieee1609Dot2BaseTypes.BitmapSspRange", "value": 1},
    {"source": "Ieee1609Dot2.VerificationKeyIndicator", "target": "Ieee1609Dot2BaseTypes.PublicVerificationKey", "value": 1},
    {"source": "Ieee1609Dot2.VerificationKeyIndicator", "target": "Ieee1609Dot2BaseTypes.EccP256CurvePoint", "value": 1},
    {"source": "Ieee1609Dot2.IssuerIdentifier", "target": "Ieee1609Dot2BaseTypes.HashAlgorithm", "value": 1},
    {"source": "Ieee1609Dot2.IssuerIdentifier", "target": "Ieee1609Dot2BaseTypes.HashedId8", "value": 1},
    {"source": "Ieee1609Dot2.SignedDataPayload", "target": "Ieee1609Dot2.HashedData", "value": 1},
    {"source": "Ieee1609Dot2.SignedDataPayload", "target": "Ieee1609Dot2.Ieee1609Dot2Data", "value": 1},
    {"source": "Ieee1609Dot2.Certificate", "target": "Ieee1609Dot2.ImplicitCertificate", "value": 1},
    {"source": "Ieee1609Dot2.Certificate", "target": "Ieee1609Dot2.CertificateBase", "value": 1},
    {"source": "Ieee1609Dot2.Certificate", "target": "Ieee1609Dot2.ExplicitCertificate", "value": 1},
    {"source": "Ieee1609Dot2.ExplicitCertificate", "target": "Ieee1609Dot2.CertificateBase", "value": 1},
    {"source": "Ieee1609Dot2BaseTypes.CountryAndSubregions", "target": "Ieee1609Dot2BaseTypes.CountryOnly", "value": 1},
    {"source": "Ieee1609Dot2BaseTypes.CountryAndSubregions", "target": "Ieee1609Dot2BaseTypes.SequenceOfRegionAndSubregions", "value": 1},
    {"source": "Ieee1609Dot2BaseTypes.TwoDLocation", "target": "Ieee1609Dot2BaseTypes.Longitude", "value": 1},
    {"source": "Ieee1609Dot2BaseTypes.TwoDLocation", "target": "Ieee1609Dot2BaseTypes.Latitude", "value": 1},
    {"source": "Ieee1609Dot2BaseTypes.SequenceOfUint8", "target": "Ieee1609Dot2BaseTypes.Uint8", "value": 1},
    {"source": "Ieee1609Dot2.ContributedExtensionBlock", "target": "Ieee1609Dot2.IEEE1609DOT2-HEADERINFO-CONTRIBUTED-EXTENSION", "value": 1},
    {"source": "Ieee1609Dot2.ContributedExtensionBlock", "target": "Ieee1609Dot2.Ieee1609Dot2HeaderInfoContributedExtensions", "value": 1},
    {"source": "Ieee1609Dot2.ContributedExtensionBlock", "target": "Ieee1609Dot2.IEEE1609DOT2-HEADERINFO-CONTRIBUTED-EXTENSION", "value": 1},
    {"source": "Ieee1609Dot2.PsidGroupPermissions", "target": "Ieee1609Dot2.EndEntityType", "value": 1},
    {"source": "Ieee1609Dot2.PsidGroupPermissions", "target": "Ieee1609Dot2.SubjectPermissions", "value": 1},
    {"source": "Ieee1609Dot2BaseTypes.Signature", "target": "Ieee1609Dot2BaseTypes.EcdsaP384Signature", "value": 1},
    {"source": "Ieee1609Dot2BaseTypes.Signature", "target": "Ieee1609Dot2BaseTypes.EcdsaP256Signature", "value": 1},
    {"source": "Ieee1609Dot2BaseTypes.Time32", "target": "Ieee1609Dot2BaseTypes.Uint32", "value": 1},
    {"source": "Ieee1609Dot2BaseTypes.UnknownLongitude", "target": "Ieee1609Dot2BaseTypes.OneEightyDegreeInt", "value": 1},
    {"source": "Ieee1609Dot2.SymmRecipientInfo", "target": "Ieee1609Dot2.SymmetricCiphertext", "value": 1},
    {"source": "Ieee1609Dot2.SymmRecipientInfo", "target": "Ieee1609Dot2BaseTypes.HashedId8", "value": 1},
    {"source": "EtsiTs103097ExtensionModule.etsiTs102941DeltaCtlRequestId", "target": "EtsiTs103097ExtensionModule.EtsiTs103097HeaderInfoExtensionId", "value": 1},
    {"source": "Ieee1609Dot2BaseTypes.GeographicRegion", "target": "Ieee1609Dot2BaseTypes.CircularRegion", "value": 1},
    {"source": "Ieee1609Dot2BaseTypes.GeographicRegion", "target": "Ieee1609Dot2BaseTypes.PolygonalRegion", "value": 1},
    {"source": "Ieee1609Dot2BaseTypes.GeographicRegion", "target": "Ieee1609Dot2BaseTypes.SequenceOfRectangularRegion", "value": 1},
    {"source": "Ieee1609Dot2BaseTypes.GeographicRegion", "target": "Ieee1609Dot2BaseTypes.SequenceOfIdentifiedRegion", "value": 1},
    {"source": "Ieee1609Dot2BaseTypes.Longitude", "target": "Ieee1609Dot2BaseTypes.OneEightyDegreeInt", "value": 1},
    {"source": "Ieee1609Dot2BaseTypes.PublicVerificationKey", "target": "Ieee1609Dot2BaseTypes.EccP384CurvePoint", "value": 1},
    {"source": "Ieee1609Dot2BaseTypes.PublicVerificationKey", "target": "Ieee1609Dot2BaseTypes.EccP256CurvePoint", "value": 1},
    {"source": "Ieee1609Dot2.EncryptedDataEncryptionKey", "target": "Ieee1609Dot2BaseTypes.EciesP256EncryptedKey", "value": 1},
    {"source": "Ieee1609Dot2BaseTypes.SequenceOfRegionAndSubregions", "target": "Ieee1609Dot2BaseTypes.RegionAndSubregions", "value": 1},
    {"source": "EtsiTs103097ExtensionModule.EXT-TYPE", "target": "EtsiTs103097ExtensionModule.ExtId", "value": 1},
    {"source": "Ieee1609Dot2BaseTypes.BasePublicEncryptionKey", "target": "Ieee1609Dot2BaseTypes.EccP256CurvePoint", "value": 1},
    {"source": "Ieee1609Dot2.SymmetricCiphertext", "target": "Ieee1609Dot2.AesCcmCiphertext", "value": 1},
    {"source": "EtsiTs103097ExtensionModule.EtsiTs102941CtlRequest", "target": "Ieee1609Dot2BaseTypes.HashedId8", "value": 1},
    {"source": "Ieee1609Dot2.SignedData", "target": "Ieee1609Dot2BaseTypes.HashAlgorithm", "value": 1},
    {"source": "Ieee1609Dot2.SignedData", "target": "Ieee1609Dot2BaseTypes.Signature", "value": 1},
    {"source": "Ieee1609Dot2.SignedData", "target": "Ieee1609Dot2.SignerIdentifier", "value": 1},
    {"source": "Ieee1609Dot2.SignedData", "target": "Ieee1609Dot2.ToBeSignedData", "value": 1},
    {"source": "Ieee1609Dot2BaseTypes.RegionAndSubregions", "target": "Ieee1609Dot2BaseTypes.SequenceOfUint16", "value": 1},
    {"source": "Ieee1609Dot2BaseTypes.RegionAndSubregions", "target": "Ieee1609Dot2BaseTypes.Uint8", "value": 1},
    {"source": "Ieee1609Dot2BaseTypes.RectangularRegion", "target": "Ieee1609Dot2BaseTypes.TwoDLocation", "value": 1},
    {"source": "Ieee1609Dot2.PKRecipientInfo", "target": "Ieee1609Dot2.EncryptedDataEncryptionKey", "value": 1},
    {"source": "Ieee1609Dot2.PKRecipientInfo", "target": "Ieee1609Dot2BaseTypes.HashedId8", "value": 1},
    {"source": "Ieee1609Dot2.Ieee1609Dot2HeaderInfoContributedExtensions", "target": "EtsiTs103097ExtensionModule.EtsiOriginatingHeaderInfoExtension", "value": 1},
    {"source": "Ieee1609Dot2.Ieee1609Dot2HeaderInfoContributedExtensions", "target": "Ieee1609Dot2.IEEE1609DOT2-HEADERINFO-CONTRIBUTED-EXTENSION", "value": 1},
    {"source": "Ieee1609Dot2BaseTypes.KnownLongitude", "target": "Ieee1609Dot2BaseTypes.OneEightyDegreeInt", "value": 1},
    {"source": "Ieee1609Dot2.SequenceOfPsidGroupPermissions", "target": "Ieee1609Dot2.PsidGroupPermissions", "value": 1},
    {"source": "Ieee1609Dot2BaseTypes.EcdsaP256Signature", "target": "Ieee1609Dot2BaseTypes.EccP256CurvePoint", "value": 1},
    {"source": "Ieee1609Dot2BaseTypes.SequenceOfUint16", "target": "Ieee1609Dot2BaseTypes.Uint16", "value": 1},
    {"source": "Ieee1609Dot2BaseTypes.ThreeDLocation", "target": "Ieee1609Dot2BaseTypes.Elevation", "value": 1},
    {"source": "Ieee1609Dot2BaseTypes.ThreeDLocation", "target": "Ieee1609Dot2BaseTypes.Longitude", "value": 1},
    {"source": "Ieee1609Dot2BaseTypes.ThreeDLocation", "target": "Ieee1609Dot2BaseTypes.Latitude", "value": 1},
    {"source": "Ieee1609Dot2.SignerIdentifier", "target": "Ieee1609Dot2.SequenceOfCertificate", "value": 1},
    {"source": "Ieee1609Dot2.SignerIdentifier", "target": "Ieee1609Dot2BaseTypes.HashedId8", "value": 1},
    {"source": "Ieee1609Dot2BaseTypes.IdentifiedRegion", "target": "Ieee1609Dot2BaseTypes.CountryOnly", "value": 1},
    {"source": "Ieee1609Dot2BaseTypes.IdentifiedRegion", "target": "Ieee1609Dot2BaseTypes.CountryAndRegions", "value": 1},
    {"source": "Ieee1609Dot2BaseTypes.IdentifiedRegion", "target": "Ieee1609Dot2BaseTypes.CountryAndSubregions", "value": 1},
    {"source": "Ieee1609Dot2.MissingCrlIdentifier", "target": "Ieee1609Dot2BaseTypes.HashedId3", "value": 1},
    {"source": "Ieee1609Dot2.MissingCrlIdentifier", "target": "Ieee1609Dot2BaseTypes.CrlSeries", "value": 1},
    {"source": "Ieee1609Dot2.etsiHeaderInfoContributorId", "target": "Ieee1609Dot2.HeaderInfoContributorId", "value": 1},
    {"source": "Ieee1609Dot2.ContributedExtensionBlocks", "target": "Ieee1609Dot2.ContributedExtensionBlock", "value": 1},
    {"source": "Ieee1609Dot2.tlsHandshake", "target": "Ieee1609Dot2.PduFunctionalType", "value": 1},
    {"source": "Ieee1609Dot2BaseTypes.CountryAndRegions", "target": "Ieee1609Dot2BaseTypes.CountryOnly", "value": 1},
    {"source": "Ieee1609Dot2BaseTypes.CountryAndRegions", "target": "Ieee1609Dot2BaseTypes.SequenceOfUint8", "value": 1},
    {"source": "Ieee1609Dot2.Countersignature", "target": "Ieee1609Dot2.Ieee1609Dot2Data", "value": 1},
    {"source": "Ieee1609Dot2.Ieee1609Dot2Data", "target": "Ieee1609Dot2.Ieee1609Dot2Content", "value": 1},
    {"source": "Ieee1609Dot2.Ieee1609Dot2Data", "target": "Ieee1609Dot2BaseTypes.Uint8", "value": 1},
    {"source": "Ieee1609Dot2BaseTypes.SequenceOfPsid", "target": "Ieee1609Dot2BaseTypes.Psid", "value": 1},
    {"source": "Ieee1609Dot2BaseTypes.PublicEncryptionKey", "target": "Ieee1609Dot2BaseTypes.BasePublicEncryptionKey", "value": 1},
    {"source": "Ieee1609Dot2BaseTypes.PublicEncryptionKey", "target": "Ieee1609Dot2BaseTypes.SymmAlgorithm", "value": 1},
    {"source": "Ieee1609Dot2BaseTypes.SequenceOfHashedId3", "target": "Ieee1609Dot2BaseTypes.HashedId3", "value": 1},
    {"source": "Ieee1609Dot2.CertificateBase", "target": "Ieee1609Dot2.IssuerIdentifier", "value": 1},
    {"source": "Ieee1609Dot2.CertificateBase", "target": "Ieee1609Dot2.CertificateType", "value": 1},
    {"source": "Ieee1609Dot2.CertificateBase", "target": "Ieee1609Dot2BaseTypes.Signature", "value": 1},
    {"source": "Ieee1609Dot2.CertificateBase", "target": "Ieee1609Dot2.ToBeSignedCertificate", "value": 1},
    {"source": "Ieee1609Dot2.CertificateBase", "target": "Ieee1609Dot2BaseTypes.Uint8", "value": 1},
    {"source": "Ieee1609Dot2BaseTypes.CrlSeries", "target": "Ieee1609Dot2BaseTypes.Uint16", "value": 1},
    {"source": "Ieee1609Dot2BaseTypes.CircularRegion", "target": "Ieee1609Dot2BaseTypes.TwoDLocation", "value": 1},
    {"source": "Ieee1609Dot2BaseTypes.CircularRegion", "target": "Ieee1609Dot2BaseTypes.Uint16", "value": 1},
    {"source": "Ieee1609Dot2BaseTypes.SequenceOfRectangularRegion", "target": "Ieee1609Dot2BaseTypes.RectangularRegion", "value": 1},
    {"source": "Ieee1609Dot2.SequenceOfRecipientInfo", "target": "Ieee1609Dot2.RecipientInfo", "value": 1},
    {"source": "Ieee1609Dot2.IEEE1609DOT2-HEADERINFO-CONTRIBUTED-EXTENSION", "target": "Ieee1609Dot2.HeaderInfoContributorId", "value": 1},
    {"source": "Ieee1609Dot2BaseTypes.EcdsaP384Signature", "target": "Ieee1609Dot2BaseTypes.EccP384CurvePoint", "value": 1},
    {"source": "Ieee1609Dot2.PreSharedKeyRecipientInfo", "target": "Ieee1609Dot2BaseTypes.HashedId8", "value": 1},
    {"source": "Ieee1609Dot2BaseTypes.PsidSspRange", "target": "Ieee1609Dot2BaseTypes.Psid", "value": 1},
    {"source": "Ieee1609Dot2BaseTypes.PsidSspRange", "target": "Ieee1609Dot2BaseTypes.SspRange", "value": 1},
    {"source": "EtsiTs103097ExtensionModule.EtsiTs102941CrlRequest", "target": "Ieee1609Dot2BaseTypes.Time32", "value": 1},
    {"source": "EtsiTs103097ExtensionModule.EtsiTs102941CrlRequest", "target": "Ieee1609Dot2BaseTypes.HashedId8", "value": 1},
    {"source": "Ieee1609Dot2BaseTypes.EncryptionKey", "target": "Ieee1609Dot2BaseTypes.SymmetricEncryptionKey", "value": 1},
    {"source": "Ieee1609Dot2BaseTypes.EncryptionKey", "target": "Ieee1609Dot2BaseTypes.PublicEncryptionKey", "value": 1},
    {"source": "Ieee1609Dot2.LinkageData", "target": "Ieee1609Dot2BaseTypes.LinkageValue", "value": 1},
    {"source": "Ieee1609Dot2.LinkageData", "target": "Ieee1609Dot2BaseTypes.IValue", "value": 1},
    {"source": "Ieee1609Dot2.LinkageData", "target": "Ieee1609Dot2BaseTypes.GroupLinkageValue", "value": 1},
    {"source": "Ieee1609Dot2BaseTypes.SequenceOfPsidSspRange", "target": "Ieee1609Dot2BaseTypes.PsidSspRange", "value": 1},
    {"source": "EtsiTs103097ExtensionModule.Extension", "target": "EtsiTs103097ExtensionModule.EXT-TYPE", "value": 1},
    {"source": "EtsiTs103097ExtensionModule.Extension", "target": "EtsiTs103097ExtensionModule.EXT-TYPE", "value": 1},
    {"source": "EtsiTs103097ExtensionModule.Extension", "target": "EtsiTs103097ExtensionModule.EXT-TYPE", "value": 1},
    {"source": "Ieee1609Dot2.iso21177ExtendedAuth", "target": "Ieee1609Dot2.PduFunctionalType", "value": 1},
    {"source": "Ieee1609Dot2BaseTypes.CountryOnly", "target": "Ieee1609Dot2BaseTypes.Uint16", "value": 1},
    {"source": "Ieee1609Dot2BaseTypes.Elevation", "target": "Ieee1609Dot2BaseTypes.Uint16", "value": 1}
  ]
}
