{
  "_comment": "code automatically generated by pycrate_asn1c",
  "nodes": [
    {"id": "_IMPL_.REAL", "group": 0},
    {"id": "_IMPL_.EXTERNAL", "group": 0},
    {"id": "_IMPL_.EMBEDDED PDV", "group": 0},
    {"id": "_IMPL_.CHARACTER STRING", "group": 0},
    {"id": "_IMPL_.TYPE-IDENTIFIER", "group": 0},
    {"id": "_IMPL_.ABSTRACT-SYNTAX", "group": 0},
    {"id": "AddGrpC.ConnectionManeuverAssist-addGrpC", "group": 2},
    {"id": "AddGrpC.ConnectionTrajectory-addGrpC", "group": 2},
    {"id": "AddGrpC.IntersectionState-addGrpC", "group": 2},
    {"id": "AddGrpC.LaneAttributes-addGrpC", "group": 2},
    {"id": "AddGrpC.MapData-addGrpC", "group": 2},
    {"id": "AddGrpC.MovementEvent-addGrpC", "group": 2},
    {"id": "AddGrpC.NodeAttributeSet-addGrpC", "group": 2},
    {"id": "AddGrpC.Position3D-addGrpC", "group": 2},
    {"id": "AddGrpC.RestrictionUserType-addGrpC", "group": 2},
    {"id": "AddGrpC.RequestorDescription-addGrpC", "group": 2},
    {"id": "AddGrpC.SignalStatusPackage-addGrpC", "group": 2},
    {"id": "AddGrpC.ItsStationPosition", "group": 2},
    {"id": "AddGrpC.ItsStationPositionList", "group": 2},
    {"id": "AddGrpC.Node", "group": 2},
    {"id": "AddGrpC.NodeLink", "group": 2},
    {"id": "AddGrpC.PrioritizationResponse", "group": 2},
    {"id": "AddGrpC.PrioritizationResponseList", "group": 2},
    {"id": "AddGrpC.SignalHeadLocation", "group": 2},
    {"id": "AddGrpC.SignalHeadLocationList", "group": 2},
    {"id": "AddGrpC.BatteryStatus", "group": 2},
    {"id": "AddGrpC.EmissionType", "group": 2},
    {"id": "AddGrpC.ExceptionalCondition", "group": 2},
    {"id": "AddGrpC.PtvRequestType", "group": 2},
    {"id": "AddGrpC.RejectedReason", "group": 2},
    {"id": "AddGrpC.TimeReference", "group": 2},
    {"id": "CAM-PDU-Descriptions.CAM", "group": 3},
    {"id": "CAM-PDU-Descriptions.CoopAwareness", "group": 3},
    {"id": "CAM-PDU-Descriptions.CamParameters", "group": 3},
    {"id": "CAM-PDU-Descriptions.HighFrequencyContainer", "group": 3},
    {"id": "CAM-PDU-Descriptions.LowFrequencyContainer", "group": 3},
    {"id": "CAM-PDU-Descriptions.SpecialVehicleContainer", "group": 3},
    {"id": "CAM-PDU-Descriptions.BasicContainer", "group": 3},
    {"id": "CAM-PDU-Descriptions.BasicVehicleContainerHighFrequency", "group": 3},
    {"id": "CAM-PDU-Descriptions.BasicVehicleContainerLowFrequency", "group": 3},
    {"id": "CAM-PDU-Descriptions.PublicTransportContainer", "group": 3},
    {"id": "CAM-PDU-Descriptions.SpecialTransportContainer", "group": 3},
    {"id": "CAM-PDU-Descriptions.DangerousGoodsContainer", "group": 3},
    {"id": "CAM-PDU-Descriptions.RoadWorksContainerBasic", "group": 3},
    {"id": "CAM-PDU-Descriptions.RescueContainer", "group": 3},
    {"id": "CAM-PDU-Descriptions.EmergencyContainer", "group": 3},
    {"id": "CAM-PDU-Descriptions.SafetyCarContainer", "group": 3},
    {"id": "CAM-PDU-Descriptions.RSUContainerHighFrequency", "group": 3},
    {"id": "CAM-PDU-Descriptions.GenerationDeltaTime", "group": 3},
    {"id": "DSRC.REG-EXT-ID-AND-TYPE", "group": 4},
    {"id": "DSRC.RegionalExtension", "group": 4},
    {"id": "DSRC.MapData", "group": 4},
    {"id": "DSRC.RTCMcorrections", "group": 4},
    {"id": "DSRC.SPAT", "group": 4},
    {"id": "DSRC.SignalRequestMessage", "group": 4},
    {"id": "DSRC.SignalStatusMessage", "group": 4},
    {"id": "DSRC.AdvisorySpeed", "group": 4},
    {"id": "DSRC.AdvisorySpeedList", "group": 4},
    {"id": "DSRC.AntennaOffsetSet", "group": 4},
    {"id": "DSRC.ComputedLane", "group": 4},
    {"id": "DSRC.ConnectsToList", "group": 4},
    {"id": "DSRC.ConnectingLane", "group": 4},
    {"id": "DSRC.Connection", "group": 4},
    {"id": "DSRC.ConnectionManeuverAssist", "group": 4},
    {"id": "DSRC.DataParameters", "group": 4},
    {"id": "DSRC.DDateTime", "group": 4},
    {"id": "DSRC.EnabledLaneList", "group": 4},
    {"id": "DSRC.FullPositionVector", "group": 4},
    {"id": "DSRC.GenericLane", "group": 4},
    {"id": "DSRC.IntersectionAccessPoint", "group": 4},
    {"id": "DSRC.IntersectionGeometry", "group": 4},
    {"id": "DSRC.IntersectionGeometryList", "group": 4},
    {"id": "DSRC.IntersectionReferenceID", "group": 4},
    {"id": "DSRC.IntersectionState", "group": 4},
    {"id": "DSRC.IntersectionStateList", "group": 4},
    {"id": "DSRC.LaneAttributes", "group": 4},
    {"id": "DSRC.LaneDataAttribute", "group": 4},
    {"id": "DSRC.LaneDataAttributeList", "group": 4},
    {"id": "DSRC.LaneList", "group": 4},
    {"id": "DSRC.LaneSharing", "group": 4},
    {"id": "DSRC.LaneTypeAttributes", "group": 4},
    {"id": "DSRC.ManeuverAssistList", "group": 4},
    {"id": "DSRC.MovementEvent", "group": 4},
    {"id": "DSRC.MovementEventList", "group": 4},
    {"id": "DSRC.MovementList", "group": 4},
    {"id": "DSRC.MovementState", "group": 4},
    {"id": "DSRC.NodeAttributeSetXY", "group": 4},
    {"id": "DSRC.NodeAttributeXY", "group": 4},
    {"id": "DSRC.NodeAttributeXYList", "group": 4},
    {"id": "DSRC.Node-LLmD-64b", "group": 4},
    {"id": "DSRC.Node-XY-20b", "group": 4},
    {"id": "DSRC.Node-XY-22b", "group": 4},
    {"id": "DSRC.Node-XY-24b", "group": 4},
    {"id": "DSRC.Node-XY-26b", "group": 4},
    {"id": "DSRC.Node-XY-28b", "group": 4},
    {"id": "DSRC.Node-XY-32b", "group": 4},
    {"id": "DSRC.NodeListXY", "group": 4},
    {"id": "DSRC.NodeOffsetPointXY", "group": 4},
    {"id": "DSRC.NodeXY", "group": 4},
    {"id": "DSRC.NodeSetXY", "group": 4},
    {"id": "DSRC.OverlayLaneList", "group": 4},
    {"id": "DSRC.PositionalAccuracy", "group": 4},
    {"id": "DSRC.PositionConfidenceSet", "group": 4},
    {"id": "DSRC.Position3D", "group": 4},
    {"id": "DSRC.PreemptPriorityList", "group": 4},
    {"id": "DSRC.RegulatorySpeedLimit", "group": 4},
    {"id": "DSRC.RequestorDescription", "group": 4},
    {"id": "DSRC.RequestorPositionVector", "group": 4},
    {"id": "DSRC.RequestorType", "group": 4},
    {"id": "DSRC.RestrictionClassAssignment", "group": 4},
    {"id": "DSRC.RestrictionClassList", "group": 4},
    {"id": "DSRC.RestrictionUserType", "group": 4},
    {"id": "DSRC.RestrictionUserTypeList", "group": 4},
    {"id": "DSRC.RoadLaneSetList", "group": 4},
    {"id": "DSRC.RoadSegmentReferenceID", "group": 4},
    {"id": "DSRC.RoadSegment", "group": 4},
    {"id": "DSRC.RoadSegmentList", "group": 4},
    {"id": "DSRC.RTCMheader", "group": 4},
    {"id": "DSRC.RTCMmessageList", "group": 4},
    {"id": "DSRC.SegmentAttributeXYList", "group": 4},
    {"id": "DSRC.SignalControlZone", "group": 4},
    {"id": "DSRC.SignalRequesterInfo", "group": 4},
    {"id": "DSRC.SignalRequest", "group": 4},
    {"id": "DSRC.SignalRequestList", "group": 4},
    {"id": "DSRC.SignalRequestPackage", "group": 4},
    {"id": "DSRC.SignalStatus", "group": 4},
    {"id": "DSRC.SignalStatusList", "group": 4},
    {"id": "DSRC.SignalStatusPackageList", "group": 4},
    {"id": "DSRC.SignalStatusPackage", "group": 4},
    {"id": "DSRC.SpeedandHeadingandThrottleConfidence", "group": 4},
    {"id": "DSRC.SpeedLimitList", "group": 4},
    {"id": "DSRC.SpeedLimitType", "group": 4},
    {"id": "DSRC.TimeChangeDetails", "group": 4},
    {"id": "DSRC.TimeMark", "group": 4},
    {"id": "DSRC.TransmissionAndSpeed", "group": 4},
    {"id": "DSRC.VehicleID", "group": 4},
    {"id": "DSRC.AdvisorySpeedType", "group": 4},
    {"id": "DSRC.AllowedManeuvers", "group": 4},
    {"id": "DSRC.Angle", "group": 4},
    {"id": "DSRC.ApproachID", "group": 4},
    {"id": "DSRC.BasicVehicleRole", "group": 4},
    {"id": "DSRC.DDay", "group": 4},
    {"id": "DSRC.DeltaAngle", "group": 4},
    {"id": "DSRC.DeltaTime", "group": 4},
    {"id": "DSRC.DescriptiveName", "group": 4},
    {"id": "DSRC.DHour", "group": 4},
    {"id": "DSRC.DMinute", "group": 4},
    {"id": "DSRC.DMonth", "group": 4},
    {"id": "DSRC.DOffset", "group": 4},
    {"id": "DSRC.DrivenLineOffsetLg", "group": 4},
    {"id": "DSRC.DrivenLineOffsetSm", "group": 4},
    {"id": "DSRC.DSecond", "group": 4},
    {"id": "DSRC.DSRCmsgID", "group": 4},
    {"id": "DSRC.mapData", "group": 4},
    {"id": "DSRC.rtcmCorrections", "group": 4},
    {"id": "DSRC.signalPhaseAndTimingMessage", "group": 4},
    {"id": "DSRC.signalRequestMessage", "group": 4},
    {"id": "DSRC.signalStatusMessage", "group": 4},
    {"id": "DSRC.DYear", "group": 4},
    {"id": "DSRC.Elevation", "group": 4},
    {"id": "DSRC.ElevationConfidence", "group": 4},
    {"id": "DSRC.FuelType", "group": 4},
    {"id": "DSRC.unknownFuel", "group": 4},
    {"id": "DSRC.gasoline", "group": 4},
    {"id": "DSRC.ethanol", "group": 4},
    {"id": "DSRC.diesel", "group": 4},
    {"id": "DSRC.electric", "group": 4},
    {"id": "DSRC.hybrid", "group": 4},
    {"id": "DSRC.hydrogen", "group": 4},
    {"id": "DSRC.natGasLiquid", "group": 4},
    {"id": "DSRC.natGasComp", "group": 4},
    {"id": "DSRC.propane", "group": 4},
    {"id": "DSRC.GNSSstatus", "group": 4},
    {"id": "DSRC.HeadingConfidence", "group": 4},
    {"id": "DSRC.Heading", "group": 4},
    {"id": "DSRC.IntersectionID", "group": 4},
    {"id": "DSRC.IntersectionStatusObject", "group": 4},
    {"id": "DSRC.LaneAttributes-Barrier", "group": 4},
    {"id": "DSRC.LaneAttributes-Bike", "group": 4},
    {"id": "DSRC.LaneAttributes-Crosswalk", "group": 4},
    {"id": "DSRC.LaneAttributes-Parking", "group": 4},
    {"id": "DSRC.LaneAttributes-Sidewalk", "group": 4},
    {"id": "DSRC.LaneAttributes-Striping", "group": 4},
    {"id": "DSRC.LaneAttributes-TrackedVehicle", "group": 4},
    {"id": "DSRC.LaneAttributes-Vehicle", "group": 4},
    {"id": "DSRC.LaneConnectionID", "group": 4},
    {"id": "DSRC.LaneDirection", "group": 4},
    {"id": "DSRC.LaneID", "group": 4},
    {"id": "DSRC.LayerID", "group": 4},
    {"id": "DSRC.LayerType", "group": 4},
    {"id": "DSRC.LaneWidth", "group": 4},
    {"id": "DSRC.MergeDivergeNodeAngle", "group": 4},
    {"id": "DSRC.MinuteOfTheYear", "group": 4},
    {"id": "DSRC.MovementPhaseState", "group": 4},
    {"id": "DSRC.MsgCount", "group": 4},
    {"id": "DSRC.Offset-B09", "group": 4},
    {"id": "DSRC.Offset-B10", "group": 4},
    {"id": "DSRC.Offset-B11", "group": 4},
    {"id": "DSRC.Offset-B12", "group": 4},
    {"id": "DSRC.Offset-B13", "group": 4},
    {"id": "DSRC.Offset-B14", "group": 4},
    {"id": "DSRC.Offset-B16", "group": 4},
    {"id": "DSRC.PedestrianBicycleDetect", "group": 4},
    {"id": "DSRC.PositionConfidence", "group": 4},
    {"id": "DSRC.PrioritizationResponseStatus", "group": 4},
    {"id": "DSRC.PriorityRequestType", "group": 4},
    {"id": "DSRC.RegionId", "group": 4},
    {"id": "DSRC.noRegion", "group": 4},
    {"id": "DSRC.addGrpA", "group": 4},
    {"id": "DSRC.addGrpB", "group": 4},
    {"id": "DSRC.addGrpC", "group": 4},
    {"id": "DSRC.RequestID", "group": 4},
    {"id": "DSRC.RequestImportanceLevel", "group": 4},
    {"id": "DSRC.RequestSubRole", "group": 4},
    {"id": "DSRC.RestrictionAppliesTo", "group": 4},
    {"id": "DSRC.RestrictionClassID", "group": 4},
    {"id": "DSRC.RoadRegulatorID", "group": 4},
    {"id": "DSRC.RoadSegmentID", "group": 4},
    {"id": "DSRC.RoadwayCrownAngle", "group": 4},
    {"id": "DSRC.RTCMmessage", "group": 4},
    {"id": "DSRC.RTCM-Revision", "group": 4},
    {"id": "DSRC.Scale-B12", "group": 4},
    {"id": "DSRC.SignalGroupID", "group": 4},
    {"id": "DSRC.SegmentAttributeXY", "group": 4},
    {"id": "DSRC.SemiMajorAxisAccuracy", "group": 4},
    {"id": "DSRC.SemiMajorAxisOrientation", "group": 4},
    {"id": "DSRC.SemiMinorAxisAccuracy", "group": 4},
    {"id": "DSRC.SpeedAdvice", "group": 4},
    {"id": "DSRC.SpeedConfidence", "group": 4},
    {"id": "DSRC.TemporaryID", "group": 4},
    {"id": "DSRC.ThrottleConfidence", "group": 4},
    {"id": "DSRC.TimeConfidence", "group": 4},
    {"id": "DSRC.TimeIntervalConfidence", "group": 4},
    {"id": "DSRC.TransitVehicleOccupancy", "group": 4},
    {"id": "DSRC.TransitVehicleStatus", "group": 4},
    {"id": "DSRC.TransmissionState", "group": 4},
    {"id": "DSRC.VehicleHeight", "group": 4},
    {"id": "DSRC.VehicleType", "group": 4},
    {"id": "DSRC.Velocity", "group": 4},
    {"id": "DSRC.WaitOnStopline", "group": 4},
    {"id": "DSRC.ZoneLength", "group": 4},
    {"id": "ElectronicRegistrationIdentificationVehicleDataModule.EuVehicleCategoryCode", "group": 5},
    {"id": "ElectronicRegistrationIdentificationVehicleDataModule.EuVehicleCategoryL", "group": 5},
    {"id": "ElectronicRegistrationIdentificationVehicleDataModule.EuVehicleCategoryM", "group": 5},
    {"id": "ElectronicRegistrationIdentificationVehicleDataModule.EuVehicleCategoryN", "group": 5},
    {"id": "ElectronicRegistrationIdentificationVehicleDataModule.EuVehicleCategoryO", "group": 5},
    {"id": "ElectronicRegistrationIdentificationVehicleDataModule.Iso3833VehicleType", "group": 5},
    {"id": "ITS-Container.ItsPduHeader", "group": 6},
    {"id": "ITS-Container.StationID", "group": 6},
    {"id": "ITS-Container.ReferencePosition", "group": 6},
    {"id": "ITS-Container.DeltaReferencePosition", "group": 6},
    {"id": "ITS-Container.Longitude", "group": 6},
    {"id": "ITS-Container.Latitude", "group": 6},
    {"id": "ITS-Container.Altitude", "group": 6},
    {"id": "ITS-Container.AltitudeValue", "group": 6},
    {"id": "ITS-Container.AltitudeConfidence", "group": 6},
    {"id": "ITS-Container.DeltaLongitude", "group": 6},
    {"id": "ITS-Container.DeltaLatitude", "group": 6},
    {"id": "ITS-Container.DeltaAltitude", "group": 6},
    {"id": "ITS-Container.PosConfidenceEllipse", "group": 6},
    {"id": "ITS-Container.PathPoint", "group": 6},
    {"id": "ITS-Container.PathDeltaTime", "group": 6},
    {"id": "ITS-Container.PtActivation", "group": 6},
    {"id": "ITS-Container.PtActivationType", "group": 6},
    {"id": "ITS-Container.PtActivationData", "group": 6},
    {"id": "ITS-Container.AccelerationControl", "group": 6},
    {"id": "ITS-Container.SemiAxisLength", "group": 6},
    {"id": "ITS-Container.CauseCode", "group": 6},
    {"id": "ITS-Container.CauseCodeType", "group": 6},
    {"id": "ITS-Container.SubCauseCodeType", "group": 6},
    {"id": "ITS-Container.TrafficConditionSubCauseCode", "group": 6},
    {"id": "ITS-Container.AccidentSubCauseCode", "group": 6},
    {"id": "ITS-Container.RoadworksSubCauseCode", "group": 6},
    {"id": "ITS-Container.HumanPresenceOnTheRoadSubCauseCode", "group": 6},
    {"id": "ITS-Container.WrongWayDrivingSubCauseCode", "group": 6},
    {"id": "ITS-Container.AdverseWeatherCondition-ExtremeWeatherConditionSubCauseCode", "group": 6},
    {"id": "ITS-Container.AdverseWeatherCondition-AdhesionSubCauseCode", "group": 6},
    {"id": "ITS-Container.AdverseWeatherCondition-VisibilitySubCauseCode", "group": 6},
    {"id": "ITS-Container.AdverseWeatherCondition-PrecipitationSubCauseCode", "group": 6},
    {"id": "ITS-Container.SlowVehicleSubCauseCode", "group": 6},
    {"id": "ITS-Container.StationaryVehicleSubCauseCode", "group": 6},
    {"id": "ITS-Container.HumanProblemSubCauseCode", "group": 6},
    {"id": "ITS-Container.EmergencyVehicleApproachingSubCauseCode", "group": 6},
    {"id": "ITS-Container.HazardousLocation-DangerousCurveSubCauseCode", "group": 6},
    {"id": "ITS-Container.HazardousLocation-SurfaceConditionSubCauseCode", "group": 6},
    {"id": "ITS-Container.HazardousLocation-ObstacleOnTheRoadSubCauseCode", "group": 6},
    {"id": "ITS-Container.HazardousLocation-AnimalOnTheRoadSubCauseCode", "group": 6},
    {"id": "ITS-Container.CollisionRiskSubCauseCode", "group": 6},
    {"id": "ITS-Container.SignalViolationSubCauseCode", "group": 6},
    {"id": "ITS-Container.RescueAndRecoveryWorkInProgressSubCauseCode", "group": 6},
    {"id": "ITS-Container.DangerousEndOfQueueSubCauseCode", "group": 6},
    {"id": "ITS-Container.DangerousSituationSubCauseCode", "group": 6},
    {"id": "ITS-Container.VehicleBreakdownSubCauseCode", "group": 6},
    {"id": "ITS-Container.PostCrashSubCauseCode", "group": 6},
    {"id": "ITS-Container.Curvature", "group": 6},
    {"id": "ITS-Container.CurvatureValue", "group": 6},
    {"id": "ITS-Container.CurvatureConfidence", "group": 6},
    {"id": "ITS-Container.CurvatureCalculationMode", "group": 6},
    {"id": "ITS-Container.Heading", "group": 6},
    {"id": "ITS-Container.HeadingValue", "group": 6},
    {"id": "ITS-Container.HeadingConfidence", "group": 6},
    {"id": "ITS-Container.LanePosition", "group": 6},
    {"id": "ITS-Container.ClosedLanes", "group": 6},
    {"id": "ITS-Container.HardShoulderStatus", "group": 6},
    {"id": "ITS-Container.DrivingLaneStatus", "group": 6},
    {"id": "ITS-Container.PerformanceClass", "group": 6},
    {"id": "ITS-Container.SpeedValue", "group": 6},
    {"id": "ITS-Container.SpeedConfidence", "group": 6},
    {"id": "ITS-Container.VehicleMass", "group": 6},
    {"id": "ITS-Container.Speed", "group": 6},
    {"id": "ITS-Container.DriveDirection", "group": 6},
    {"id": "ITS-Container.EmbarkationStatus", "group": 6},
    {"id": "ITS-Container.LongitudinalAcceleration", "group": 6},
    {"id": "ITS-Container.LongitudinalAccelerationValue", "group": 6},
    {"id": "ITS-Container.AccelerationConfidence", "group": 6},
    {"id": "ITS-Container.LateralAcceleration", "group": 6},
    {"id": "ITS-Container.LateralAccelerationValue", "group": 6},
    {"id": "ITS-Container.VerticalAcceleration", "group": 6},
    {"id": "ITS-Container.VerticalAccelerationValue", "group": 6},
    {"id": "ITS-Container.StationType", "group": 6},
    {"id": "ITS-Container.ExteriorLights", "group": 6},
    {"id": "ITS-Container.DangerousGoodsBasic", "group": 6},
    {"id": "ITS-Container.DangerousGoodsExtended", "group": 6},
    {"id": "ITS-Container.SpecialTransportType", "group": 6},
    {"id": "ITS-Container.LightBarSirenInUse", "group": 6},
    {"id": "ITS-Container.HeightLonCarr", "group": 6},
    {"id": "ITS-Container.PosLonCarr", "group": 6},
    {"id": "ITS-Container.PosPillar", "group": 6},
    {"id": "ITS-Container.PosCentMass", "group": 6},
    {"id": "ITS-Container.RequestResponseIndication", "group": 6},
    {"id": "ITS-Container.SpeedLimit", "group": 6},
    {"id": "ITS-Container.StationarySince", "group": 6},
    {"id": "ITS-Container.Temperature", "group": 6},
    {"id": "ITS-Container.TrafficRule", "group": 6},
    {"id": "ITS-Container.WheelBaseVehicle", "group": 6},
    {"id": "ITS-Container.TurningRadius", "group": 6},
    {"id": "ITS-Container.PosFrontAx", "group": 6},
    {"id": "ITS-Container.PositionOfOccupants", "group": 6},
    {"id": "ITS-Container.PositioningSolutionType", "group": 6},
    {"id": "ITS-Container.VehicleIdentification", "group": 6},
    {"id": "ITS-Container.WMInumber", "group": 6},
    {"id": "ITS-Container.VDS", "group": 6},
    {"id": "ITS-Container.EnergyStorageType", "group": 6},
    {"id": "ITS-Container.VehicleLength", "group": 6},
    {"id": "ITS-Container.VehicleLengthValue", "group": 6},
    {"id": "ITS-Container.VehicleLengthConfidenceIndication", "group": 6},
    {"id": "ITS-Container.VehicleWidth", "group": 6},
    {"id": "ITS-Container.PathHistory", "group": 6},
    {"id": "ITS-Container.EmergencyPriority", "group": 6},
    {"id": "ITS-Container.InformationQuality", "group": 6},
    {"id": "ITS-Container.RoadType", "group": 6},
    {"id": "ITS-Container.SteeringWheelAngle", "group": 6},
    {"id": "ITS-Container.SteeringWheelAngleValue", "group": 6},
    {"id": "ITS-Container.SteeringWheelAngleConfidence", "group": 6},
    {"id": "ITS-Container.TimestampIts", "group": 6},
    {"id": "ITS-Container.VehicleRole", "group": 6},
    {"id": "ITS-Container.YawRate", "group": 6},
    {"id": "ITS-Container.YawRateValue", "group": 6},
    {"id": "ITS-Container.YawRateConfidence", "group": 6},
    {"id": "ITS-Container.ProtectedZoneType", "group": 6},
    {"id": "ITS-Container.RelevanceDistance", "group": 6},
    {"id": "ITS-Container.RelevanceTrafficDirection", "group": 6},
    {"id": "ITS-Container.TransmissionInterval", "group": 6},
    {"id": "ITS-Container.ValidityDuration", "group": 6},
    {"id": "ITS-Container.ActionID", "group": 6},
    {"id": "ITS-Container.ItineraryPath", "group": 6},
    {"id": "ITS-Container.ProtectedCommunicationZone", "group": 6},
    {"id": "ITS-Container.Traces", "group": 6},
    {"id": "ITS-Container.NumberOfOccupants", "group": 6},
    {"id": "ITS-Container.SequenceNumber", "group": 6},
    {"id": "ITS-Container.PositionOfPillars", "group": 6},
    {"id": "ITS-Container.RestrictedTypes", "group": 6},
    {"id": "ITS-Container.EventHistory", "group": 6},
    {"id": "ITS-Container.EventPoint", "group": 6},
    {"id": "ITS-Container.ProtectedCommunicationZonesRSU", "group": 6},
    {"id": "ITS-Container.CenDsrcTollingZone", "group": 6},
    {"id": "ITS-Container.ProtectedZoneRadius", "group": 6},
    {"id": "ITS-Container.ProtectedZoneID", "group": 6},
    {"id": "ITS-Container.CenDsrcTollingZoneID", "group": 6},
    {"id": "ITS-Container.DigitalMap", "group": 6},
    {"id": "ITS-Container.OpeningDaysHours", "group": 6},
    {"id": "ITS-Container.PhoneNumber", "group": 6},
    {"id": "REGION.Reg-AdvisorySpeed", "group": 7},
    {"id": "REGION.Reg-ComputedLane", "group": 7},
    {"id": "REGION.Reg-ConnectionManeuverAssist", "group": 7},
    {"id": "REGION.Reg-GenericLane", "group": 7},
    {"id": "REGION.Reg-IntersectionGeometry", "group": 7},
    {"id": "REGION.Reg-IntersectionState", "group": 7},
    {"id": "REGION.Reg-LaneAttributes", "group": 7},
    {"id": "REGION.Reg-LaneDataAttribute", "group": 7},
    {"id": "REGION.Reg-MapData", "group": 7},
    {"id": "REGION.Reg-MovementEvent", "group": 7},
    {"id": "REGION.Reg-MovementState", "group": 7},
    {"id": "REGION.Reg-NodeAttributeSetXY", "group": 7},
    {"id": "REGION.Reg-NodeOffsetPointXY", "group": 7},
    {"id": "REGION.Reg-Position3D", "group": 7},
    {"id": "REGION.Reg-RequestorDescription", "group": 7},
    {"id": "REGION.Reg-RequestorType", "group": 7},
    {"id": "REGION.Reg-RestrictionUserType", "group": 7},
    {"id": "REGION.Reg-RoadSegment", "group": 7},
    {"id": "REGION.Reg-RTCMcorrections", "group": 7},
    {"id": "REGION.Reg-SignalControlZone", "group": 7},
    {"id": "REGION.Reg-SignalRequest", "group": 7},
    {"id": "REGION.Reg-SignalRequestMessage", "group": 7},
    {"id": "REGION.Reg-SignalRequestPackage", "group": 7},
    {"id": "REGION.Reg-SignalStatus", "group": 7},
    {"id": "REGION.Reg-SignalStatusMessage", "group": 7},
    {"id": "REGION.Reg-SignalStatusPackage", "group": 7},
    {"id": "REGION.Reg-SPAT", "group": 7},
    {"id": "VAM-PDU-Descriptions.VAM", "group": 8},
    {"id": "VAM-PDU-Descriptions.ItsPduHeaderVam", "group": 8},
    {"id": "VAM-PDU-Descriptions.VruAwareness", "group": 8},
    {"id": "VAM-PDU-Descriptions.VamParameters", "group": 8},
    {"id": "VAM-PDU-Descriptions.VruProfile", "group": 8},
    {"id": "VAM-PDU-Descriptions.VruHighFrequencyContainer", "group": 8},
    {"id": "VAM-PDU-Descriptions.VruLanePosition", "group": 8},
    {"id": "VAM-PDU-Descriptions.OffRoadLanePosition", "group": 8},
    {"id": "VAM-PDU-Descriptions.TrafficIslandPosition", "group": 8},
    {"id": "VAM-PDU-Descriptions.NonIslandLanePosition", "group": 8},
    {"id": "VAM-PDU-Descriptions.MapPosition", "group": 8},
    {"id": "VAM-PDU-Descriptions.VruEnvironment", "group": 8},
    {"id": "VAM-PDU-Descriptions.VruMovementControl", "group": 8},
    {"id": "VAM-PDU-Descriptions.VruOrientation", "group": 8},
    {"id": "VAM-PDU-Descriptions.VruRollAngle", "group": 8},
    {"id": "VAM-PDU-Descriptions.VruDeviceUsage", "group": 8},
    {"id": "VAM-PDU-Descriptions.VruLowFrequencyContainer", "group": 8},
    {"id": "VAM-PDU-Descriptions.VruProfileAndSubprofile", "group": 8},
    {"id": "VAM-PDU-Descriptions.VruSubProfilePedestrian", "group": 8},
    {"id": "VAM-PDU-Descriptions.VruSubProfileBicyclist", "group": 8},
    {"id": "VAM-PDU-Descriptions.VruSubProfileMotorcyclist", "group": 8},
    {"id": "VAM-PDU-Descriptions.VruSubProfileAnimal", "group": 8},
    {"id": "VAM-PDU-Descriptions.VruExteriorLights", "group": 8},
    {"id": "VAM-PDU-Descriptions.VruSpecificExteriorLights", "group": 8},
    {"id": "VAM-PDU-Descriptions.VruSizeClass", "group": 8},
    {"id": "VAM-PDU-Descriptions.VruClusterInformationContainer", "group": 8},
    {"id": "VAM-PDU-Descriptions.ClusterId", "group": 8},
    {"id": "VAM-PDU-Descriptions.ClusterBoundingBoxShape", "group": 8},
    {"id": "VAM-PDU-Descriptions.ClusterCardinalitySize", "group": 8},
    {"id": "VAM-PDU-Descriptions.ClusterProfiles", "group": 8},
    {"id": "VAM-PDU-Descriptions.VruClusterOperationContainer", "group": 8},
    {"id": "VAM-PDU-Descriptions.VruClusterOpTimestamp", "group": 8},
    {"id": "VAM-PDU-Descriptions.ClusterJoinInfo", "group": 8},
    {"id": "VAM-PDU-Descriptions.ClusterLeaveInfo", "group": 8},
    {"id": "VAM-PDU-Descriptions.ClusterBreakupInfo", "group": 8},
    {"id": "VAM-PDU-Descriptions.ClusterLeaveReason", "group": 8},
    {"id": "VAM-PDU-Descriptions.ClusterBreakupReason", "group": 8},
    {"id": "VAM-PDU-Descriptions.VruMotionPredictionContainer", "group": 8},
    {"id": "VAM-PDU-Descriptions.SequenceOfVruPathPoint", "group": 8},
    {"id": "VAM-PDU-Descriptions.VruPathPoint", "group": 8},
    {"id": "VAM-PDU-Descriptions.SequenceOfVruSafeDistanceIndication", "group": 8},
    {"id": "VAM-PDU-Descriptions.VruSafeDistanceIndication", "group": 8},
    {"id": "VAM-PDU-Descriptions.StationSafeDistanceIndication", "group": 8},
    {"id": "VAM-PDU-Descriptions.SequenceOfTrajectoryInterceptionIndication", "group": 8},
    {"id": "VAM-PDU-Descriptions.TrajectoryInterceptionIndication", "group": 8},
    {"id": "VAM-PDU-Descriptions.TrajectoryInterceptionProbability", "group": 8},
    {"id": "VAM-PDU-Descriptions.TrajectoryInterceptionConfidence", "group": 8},
    {"id": "VAM-PDU-Descriptions.HeadingChangeIndication", "group": 8},
    {"id": "VAM-PDU-Descriptions.LeftOrRight", "group": 8},
    {"id": "VAM-PDU-Descriptions.ActionDeltaTime", "group": 8},
    {"id": "VAM-PDU-Descriptions.AccelerationChangeIndication", "group": 8},
    {"id": "VAM-PDU-Descriptions.AccelOrDecel", "group": 8},
    {"id": "VAM-PDU-Descriptions.StabilityChangeIndication", "group": 8},
    {"id": "VAM-PDU-Descriptions.StabilityLossProbability", "group": 8},
    {"id": "VAM-Temp-Imports.BasicContainer", "group": 9},
    {"id": "VAM-Temp-Imports.ItsPduHeader", "group": 9},
    {"id": "VAM-Temp-Imports.AreaCircular", "group": 9},
    {"id": "VAM-Temp-Imports.AreaPolygon", "group": 9},
    {"id": "VAM-Temp-Imports.AreaRectangle", "group": 9},
    {"id": "VAM-Temp-Imports.OffsetPoint", "group": 9},
    {"id": "VAM-Temp-Imports.NodeOffsetPointZ", "group": 9},
    {"id": "VAM-Temp-Imports.Radius", "group": 9},
    {"id": "VAM-Temp-Imports.PolyPointList", "group": 9},
    {"id": "VAM-Temp-Imports.SemiRangeLength", "group": 9},
    {"id": "VAM-Temp-Imports.WGS84AngleValue", "group": 9},
    {"id": "VAM-Temp-Imports.StationType", "group": 9},
    {"id": "VRU-Motorcyclist-Special-Container.MotorcylistSpecialContainer", "group": 10}
  ],
  "links": [
    {"source": "ITS-Container.Curvature", "target": "ITS-Container.CurvatureValue", "value": 1},
    {"source": "ITS-Container.Curvature", "target": "ITS-Container.CurvatureConfidence", "value": 1},
    {"source": "ITS-Container.ItineraryPath", "target": "ITS-Container.ReferencePosition", "value": 1},
    {"source": "REGION.Reg-ConnectionManeuverAssist", "target": "DSRC.REG-EXT-ID-AND-TYPE", "value": 1},
    {"source": "REGION.Reg-ConnectionManeuverAssist", "target": "AddGrpC.ConnectionManeuverAssist-addGrpC", "value": 1},
    {"source": "DSRC.SpeedandHeadingandThrottleConfidence", "target": "DSRC.SpeedConfidence", "value": 1},
    {"source": "DSRC.SpeedandHeadingandThrottleConfidence", "target": "DSRC.ThrottleConfidence", "value": 1},
    {"source": "DSRC.SpeedandHeadingandThrottleConfidence", "target": "DSRC.HeadingConfidence", "value": 1},
    {"source": "REGION.Reg-RTCMcorrections", "target": "DSRC.REG-EXT-ID-AND-TYPE", "value": 1},
    {"source": "REGION.Reg-IntersectionGeometry", "target": "DSRC.REG-EXT-ID-AND-TYPE", "value": 1},
    {"source": "DSRC.RoadSegment", "target": "REGION.Reg-RoadSegment", "value": 1},
    {"source": "DSRC.RoadSegment", "target": "DSRC.SpeedLimitList", "value": 1},
    {"source": "DSRC.RoadSegment", "target": "DSRC.RoadSegmentReferenceID", "value": 1},
    {"source": "DSRC.RoadSegment", "target": "DSRC.Position3D", "value": 1},
    {"source": "DSRC.RoadSegment", "target": "DSRC.RoadLaneSetList", "value": 1},
    {"source": "DSRC.RoadSegment", "target": "DSRC.DescriptiveName", "value": 1},
    {"source": "DSRC.RoadSegment", "target": "DSRC.RegionalExtension", "value": 1},
    {"source": "DSRC.RoadSegment", "target": "DSRC.MsgCount", "value": 1},
    {"source": "DSRC.RoadSegment", "target": "DSRC.LaneWidth", "value": 1},
    {"source": "CAM-PDU-Descriptions.RSUContainerHighFrequency", "target": "ITS-Container.ProtectedCommunicationZonesRSU", "value": 1},
    {"source": "VAM-PDU-Descriptions.NonIslandLanePosition", "target": "VAM-PDU-Descriptions.OffRoadLanePosition", "value": 1},
    {"source": "VAM-PDU-Descriptions.NonIslandLanePosition", "target": "ITS-Container.LanePosition", "value": 1},
    {"source": "VAM-PDU-Descriptions.NonIslandLanePosition", "target": "VAM-PDU-Descriptions.MapPosition", "value": 1},
    {"source": "DSRC.SignalRequestList", "target": "DSRC.SignalRequestPackage", "value": 1},
    {"source": "DSRC.Position3D", "target": "DSRC.Elevation", "value": 1},
    {"source": "DSRC.Position3D", "target": "ITS-Container.Latitude", "value": 1},
    {"source": "DSRC.Position3D", "target": "ITS-Container.Longitude", "value": 1},
    {"source": "DSRC.Position3D", "target": "DSRC.RegionalExtension", "value": 1},
    {"source": "DSRC.Position3D", "target": "REGION.Reg-Position3D", "value": 1},
    {"source": "ITS-Container.EventPoint", "target": "ITS-Container.InformationQuality", "value": 1},
    {"source": "ITS-Container.EventPoint", "target": "ITS-Container.DeltaReferencePosition", "value": 1},
    {"source": "ITS-Container.EventPoint", "target": "ITS-Container.PathDeltaTime", "value": 1},
    {"source": "REGION.Reg-AdvisorySpeed", "target": "DSRC.REG-EXT-ID-AND-TYPE", "value": 1},
    {"source": "REGION.Reg-MapData", "target": "DSRC.REG-EXT-ID-AND-TYPE", "value": 1},
    {"source": "REGION.Reg-MapData", "target": "AddGrpC.MapData-addGrpC", "value": 1},
    {"source": "ITS-Container.VehicleLength", "target": "ITS-Container.VehicleLengthValue", "value": 1},
    {"source": "ITS-Container.VehicleLength", "target": "ITS-Container.VehicleLengthConfidenceIndication", "value": 1},
    {"source": "DSRC.AdvisorySpeed", "target": "DSRC.ZoneLength", "value": 1},
    {"source": "DSRC.AdvisorySpeed", "target": "DSRC.RegionalExtension", "value": 1},
    {"source": "DSRC.AdvisorySpeed", "target": "DSRC.SpeedAdvice", "value": 1},
    {"source": "DSRC.AdvisorySpeed", "target": "DSRC.SpeedConfidence", "value": 1},
    {"source": "DSRC.AdvisorySpeed", "target": "DSRC.AdvisorySpeedType", "value": 1},
    {"source": "DSRC.AdvisorySpeed", "target": "REGION.Reg-AdvisorySpeed", "value": 1},
    {"source": "DSRC.AdvisorySpeed", "target": "DSRC.RestrictionClassID", "value": 1},
    {"source": "DSRC.RequestorPositionVector", "target": "DSRC.Angle", "value": 1},
    {"source": "DSRC.RequestorPositionVector", "target": "DSRC.TransmissionAndSpeed", "value": 1},
    {"source": "DSRC.RequestorPositionVector", "target": "DSRC.Position3D", "value": 1},
    {"source": "DSRC.RoadSegmentReferenceID", "target": "DSRC.RoadRegulatorID", "value": 1},
    {"source": "DSRC.RoadSegmentReferenceID", "target": "DSRC.RoadSegmentID", "value": 1},
    {"source": "VAM-PDU-Descriptions.HeadingChangeIndication", "target": "VAM-PDU-Descriptions.ActionDeltaTime", "value": 1},
    {"source": "VAM-PDU-Descriptions.HeadingChangeIndication", "target": "VAM-PDU-Descriptions.LeftOrRight", "value": 1},
    {"source": "ITS-Container.CenDsrcTollingZoneID", "target": "ITS-Container.ProtectedZoneID", "value": 1},
    {"source": "REGION.Reg-IntersectionState", "target": "DSRC.REG-EXT-ID-AND-TYPE", "value": 1},
    {"source": "REGION.Reg-IntersectionState", "target": "AddGrpC.IntersectionState-addGrpC", "value": 1},
    {"source": "REGION.Reg-ComputedLane", "target": "DSRC.REG-EXT-ID-AND-TYPE", "value": 1},
    {"source": "DSRC.RequestorType", "target": "ElectronicRegistrationIdentificationVehicleDataModule.Iso3833VehicleType", "value": 1},
    {"source": "DSRC.RequestorType", "target": "REGION.Reg-RequestorType", "value": 1},
    {"source": "DSRC.RequestorType", "target": "DSRC.BasicVehicleRole", "value": 1},
    {"source": "DSRC.RequestorType", "target": "DSRC.RequestSubRole", "value": 1},
    {"source": "DSRC.RequestorType", "target": "DSRC.RequestImportanceLevel", "value": 1},
    {"source": "DSRC.RequestorType", "target": "DSRC.RegionalExtension", "value": 1},
    {"source": "DSRC.RequestorType", "target": "DSRC.VehicleType", "value": 1},
    {"source": "DSRC.SignalRequesterInfo", "target": "DSRC.BasicVehicleRole", "value": 1},
    {"source": "DSRC.SignalRequesterInfo", "target": "DSRC.MsgCount", "value": 1},
    {"source": "DSRC.SignalRequesterInfo", "target": "DSRC.RequestID", "value": 1},
    {"source": "DSRC.SignalRequesterInfo", "target": "DSRC.VehicleID", "value": 1},
    {"source": "DSRC.SignalRequesterInfo", "target": "DSRC.RequestorType", "value": 1},
    {"source": "ITS-Container.ProtectedCommunicationZonesRSU", "target": "ITS-Container.ProtectedCommunicationZone", "value": 1},
    {"source": "CAM-PDU-Descriptions.BasicContainer", "target": "ITS-Container.ReferencePosition", "value": 1},
    {"source": "CAM-PDU-Descriptions.BasicContainer", "target": "ITS-Container.StationType", "value": 1},
    {"source": "DSRC.RTCMcorrections", "target": "DSRC.FullPositionVector", "value": 1},
    {"source": "DSRC.RTCMcorrections", "target": "REGION.Reg-RTCMcorrections", "value": 1},
    {"source": "DSRC.RTCMcorrections", "target": "DSRC.MinuteOfTheYear", "value": 1},
    {"source": "DSRC.RTCMcorrections", "target": "DSRC.RTCM-Revision", "value": 1},
    {"source": "DSRC.RTCMcorrections", "target": "DSRC.RTCMheader", "value": 1},
    {"source": "DSRC.RTCMcorrections", "target": "DSRC.MsgCount", "value": 1},
    {"source": "DSRC.RTCMcorrections", "target": "DSRC.RegionalExtension", "value": 1},
    {"source": "DSRC.RTCMcorrections", "target": "DSRC.RTCMmessageList", "value": 1},
    {"source": "DSRC.AdvisorySpeedList", "target": "DSRC.AdvisorySpeed", "value": 1},
    {"source": "CAM-PDU-Descriptions.DangerousGoodsContainer", "target": "ITS-Container.DangerousGoodsBasic", "value": 1},
    {"source": "CAM-PDU-Descriptions.EmergencyContainer", "target": "ITS-Container.LightBarSirenInUse", "value": 1},
    {"source": "CAM-PDU-Descriptions.EmergencyContainer", "target": "ITS-Container.CauseCode", "value": 1},
    {"source": "CAM-PDU-Descriptions.EmergencyContainer", "target": "ITS-Container.EmergencyPriority", "value": 1},
    {"source": "AddGrpC.LaneAttributes-addGrpC", "target": "DSRC.VehicleHeight", "value": 1},
    {"source": "AddGrpC.LaneAttributes-addGrpC", "target": "ITS-Container.VehicleMass", "value": 1},
    {"source": "DSRC.natGasLiquid", "target": "DSRC.FuelType", "value": 1},
    {"source": "DSRC.VehicleID", "target": "DSRC.TemporaryID", "value": 1},
    {"source": "DSRC.VehicleID", "target": "ITS-Container.StationID", "value": 1},
    {"source": "VAM-PDU-Descriptions.StabilityChangeIndication", "target": "VAM-PDU-Descriptions.StabilityLossProbability", "value": 1},
    {"source": "VAM-PDU-Descriptions.StabilityChangeIndication", "target": "VAM-PDU-Descriptions.ActionDeltaTime", "value": 1},
    {"source": "VAM-PDU-Descriptions.ClusterBoundingBoxShape", "target": "VAM-Temp-Imports.AreaCircular", "value": 1},
    {"source": "VAM-PDU-Descriptions.ClusterBoundingBoxShape", "target": "VAM-Temp-Imports.AreaRectangle", "value": 1},
    {"source": "VAM-PDU-Descriptions.ClusterBoundingBoxShape", "target": "VAM-Temp-Imports.AreaPolygon", "value": 1},
    {"source": "VAM-PDU-Descriptions.TrajectoryInterceptionIndication", "target": "VAM-PDU-Descriptions.TrajectoryInterceptionProbability", "value": 1},
    {"source": "VAM-PDU-Descriptions.TrajectoryInterceptionIndication", "target": "VAM-PDU-Descriptions.TrajectoryInterceptionConfidence", "value": 1},
    {"source": "VAM-PDU-Descriptions.TrajectoryInterceptionIndication", "target": "ITS-Container.StationID", "value": 1},
    {"source": "ITS-Container.RestrictedTypes", "target": "ITS-Container.StationType", "value": 1},
    {"source": "REGION.Reg-SPAT", "target": "DSRC.REG-EXT-ID-AND-TYPE", "value": 1},
    {"source": "DSRC.rtcmCorrections", "target": "DSRC.DSRCmsgID", "value": 1},
    {"source": "REGION.Reg-NodeAttributeSetXY", "target": "DSRC.REG-EXT-ID-AND-TYPE", "value": 1},
    {"source": "REGION.Reg-NodeAttributeSetXY", "target": "AddGrpC.NodeAttributeSet-addGrpC", "value": 1},
    {"source": "VAM-PDU-Descriptions.SequenceOfVruSafeDistanceIndication", "target": "VAM-PDU-Descriptions.VruSafeDistanceIndication", "value": 1},
    {"source": "ITS-Container.LateralAcceleration", "target": "ITS-Container.LateralAccelerationValue", "value": 1},
    {"source": "ITS-Container.LateralAcceleration", "target": "ITS-Container.AccelerationConfidence", "value": 1},
    {"source": "DSRC.signalPhaseAndTimingMessage", "target": "DSRC.DSRCmsgID", "value": 1},
    {"source": "DSRC.FullPositionVector", "target": "DSRC.TransmissionAndSpeed", "value": 1},
    {"source": "DSRC.FullPositionVector", "target": "ITS-Container.Latitude", "value": 1},
    {"source": "DSRC.FullPositionVector", "target": "DSRC.DDateTime", "value": 1},
    {"source": "DSRC.FullPositionVector", "target": "ITS-Container.Longitude", "value": 1},
    {"source": "DSRC.FullPositionVector", "target": "DSRC.SpeedandHeadingandThrottleConfidence", "value": 1},
    {"source": "DSRC.FullPositionVector", "target": "DSRC.Elevation", "value": 1},
    {"source": "DSRC.FullPositionVector", "target": "DSRC.TimeConfidence", "value": 1},
    {"source": "DSRC.FullPositionVector", "target": "DSRC.PositionConfidenceSet", "value": 1},
    {"source": "DSRC.FullPositionVector", "target": "DSRC.Heading", "value": 1},
    {"source": "DSRC.FullPositionVector", "target": "DSRC.PositionalAccuracy", "value": 1},
    {"source": "DSRC.DDateTime", "target": "DSRC.DSecond", "value": 1},
    {"source": "DSRC.DDateTime", "target": "DSRC.DYear", "value": 1},
    {"source": "DSRC.DDateTime", "target": "DSRC.DHour", "value": 1},
    {"source": "DSRC.DDateTime", "target": "DSRC.DMonth", "value": 1},
    {"source": "DSRC.DDateTime", "target": "DSRC.DOffset", "value": 1},
    {"source": "DSRC.DDateTime", "target": "DSRC.DDay", "value": 1},
    {"source": "DSRC.DDateTime", "target": "DSRC.DMinute", "value": 1},
    {"source": "DSRC.SpeedLimitList", "target": "DSRC.RegulatorySpeedLimit", "value": 1},
    {"source": "DSRC.Node-XY-32b", "target": "DSRC.Offset-B16", "value": 1},
    {"source": "CAM-PDU-Descriptions.HighFrequencyContainer", "target": "CAM-PDU-Descriptions.BasicVehicleContainerHighFrequency", "value": 1},
    {"source": "CAM-PDU-Descriptions.HighFrequencyContainer", "target": "CAM-PDU-Descriptions.RSUContainerHighFrequency", "value": 1},
    {"source": "DSRC.signalRequestMessage", "target": "DSRC.DSRCmsgID", "value": 1},
    {"source": "ITS-Container.EventHistory", "target": "ITS-Container.EventPoint", "value": 1},
    {"source": "AddGrpC.ItsStationPosition", "target": "DSRC.LaneID", "value": 1},
    {"source": "AddGrpC.ItsStationPosition", "target": "DSRC.NodeOffsetPointXY", "value": 1},
    {"source": "AddGrpC.ItsStationPosition", "target": "AddGrpC.TimeReference", "value": 1},
    {"source": "AddGrpC.ItsStationPosition", "target": "ITS-Container.StationID", "value": 1},
    {"source": "AddGrpC.MovementEvent-addGrpC", "target": "AddGrpC.ExceptionalCondition", "value": 1},
    {"source": "DSRC.NodeAttributeSetXY", "target": "DSRC.NodeAttributeXYList", "value": 1},
    {"source": "DSRC.NodeAttributeSetXY", "target": "DSRC.SegmentAttributeXYList", "value": 1},
    {"source": "DSRC.NodeAttributeSetXY", "target": "DSRC.LaneDataAttributeList", "value": 1},
    {"source": "DSRC.NodeAttributeSetXY", "target": "DSRC.Offset-B10", "value": 1},
    {"source": "DSRC.NodeAttributeSetXY", "target": "REGION.Reg-NodeAttributeSetXY", "value": 1},
    {"source": "DSRC.NodeAttributeSetXY", "target": "DSRC.RegionalExtension", "value": 1},
    {"source": "CAM-PDU-Descriptions.CAM", "target": "ITS-Container.ItsPduHeader", "value": 1},
    {"source": "CAM-PDU-Descriptions.CAM", "target": "CAM-PDU-Descriptions.CoopAwareness", "value": 1},
    {"source": "AddGrpC.ConnectionTrajectory-addGrpC", "target": "DSRC.NodeSetXY", "value": 1},
    {"source": "AddGrpC.ConnectionTrajectory-addGrpC", "target": "DSRC.LaneConnectionID", "value": 1},
    {"source": "ITS-Container.VehicleIdentification", "target": "ITS-Container.WMInumber", "value": 1},
    {"source": "ITS-Container.VehicleIdentification", "target": "ITS-Container.VDS", "value": 1},
    {"source": "DSRC.LaneDataAttributeList", "target": "DSRC.LaneDataAttribute", "value": 1},
    {"source": "ITS-Container.PtActivation", "target": "ITS-Container.PtActivationType", "value": 1},
    {"source": "ITS-Container.PtActivation", "target": "ITS-Container.PtActivationData", "value": 1},
    {"source": "VAM-PDU-Descriptions.ClusterBreakupInfo", "target": "VAM-PDU-Descriptions.ClusterBreakupReason", "value": 1},
    {"source": "VAM-PDU-Descriptions.ClusterBreakupInfo", "target": "VAM-PDU-Descriptions.VruClusterOpTimestamp", "value": 1},
    {"source": "DSRC.Node-XY-22b", "target": "DSRC.Offset-B11", "value": 1},
    {"source": "DSRC.MovementEventList", "target": "DSRC.MovementEvent", "value": 1},
    {"source": "DSRC.SignalStatusPackage", "target": "DSRC.SignalRequesterInfo", "value": 1},
    {"source": "DSRC.SignalStatusPackage", "target": "DSRC.DSecond", "value": 1},
    {"source": "DSRC.SignalStatusPackage", "target": "REGION.Reg-SignalStatusPackage", "value": 1},
    {"source": "DSRC.SignalStatusPackage", "target": "DSRC.IntersectionAccessPoint", "value": 1},
    {"source": "DSRC.SignalStatusPackage", "target": "DSRC.MinuteOfTheYear", "value": 1},
    {"source": "DSRC.SignalStatusPackage", "target": "DSRC.PrioritizationResponseStatus", "value": 1},
    {"source": "DSRC.SignalStatusPackage", "target": "DSRC.RegionalExtension", "value": 1},
    {"source": "DSRC.addGrpA", "target": "DSRC.RegionId", "value": 1},
    {"source": "DSRC.electric", "target": "DSRC.FuelType", "value": 1},
    {"source": "DSRC.LaneDataAttribute", "target": "DSRC.SpeedLimitList", "value": 1},
    {"source": "DSRC.LaneDataAttribute", "target": "DSRC.DeltaAngle", "value": 1},
    {"source": "DSRC.LaneDataAttribute", "target": "DSRC.MergeDivergeNodeAngle", "value": 1},
    {"source": "DSRC.LaneDataAttribute", "target": "REGION.Reg-LaneDataAttribute", "value": 1},
    {"source": "DSRC.LaneDataAttribute", "target": "DSRC.RoadwayCrownAngle", "value": 1},
    {"source": "DSRC.LaneDataAttribute", "target": "DSRC.RegionalExtension", "value": 1},
    {"source": "REGION.Reg-SignalControlZone", "target": "DSRC.REG-EXT-ID-AND-TYPE", "value": 1},
    {"source": "DSRC.PositionConfidenceSet", "target": "DSRC.ElevationConfidence", "value": 1},
    {"source": "DSRC.PositionConfidenceSet", "target": "DSRC.PositionConfidence", "value": 1},
    {"source": "DSRC.SignalRequestMessage", "target": "DSRC.SignalRequestList", "value": 1},
    {"source": "DSRC.SignalRequestMessage", "target": "DSRC.DSecond", "value": 1},
    {"source": "DSRC.SignalRequestMessage", "target": "DSRC.MinuteOfTheYear", "value": 1},
    {"source": "DSRC.SignalRequestMessage", "target": "REGION.Reg-SignalRequestMessage", "value": 1},
    {"source": "DSRC.SignalRequestMessage", "target": "DSRC.MsgCount", "value": 1},
    {"source": "DSRC.SignalRequestMessage", "target": "DSRC.RequestorDescription", "value": 1},
    {"source": "DSRC.SignalRequestMessage", "target": "DSRC.RegionalExtension", "value": 1},
    {"source": "VAM-PDU-Descriptions.VruRollAngle", "target": "ITS-Container.Heading", "value": 1},
    {"source": "ITS-Container.ReferencePosition", "target": "ITS-Container.Latitude", "value": 1},
    {"source": "ITS-Container.ReferencePosition", "target": "ITS-Container.Longitude", "value": 1},
    {"source": "ITS-Container.ReferencePosition", "target": "ITS-Container.PosConfidenceEllipse", "value": 1},
    {"source": "ITS-Container.ReferencePosition", "target": "ITS-Container.Altitude", "value": 1},
    {"source": "DSRC.signalStatusMessage", "target": "DSRC.DSRCmsgID", "value": 1},
    {"source": "VAM-Temp-Imports.ItsPduHeader", "target": "ITS-Container.StationID", "value": 1},
    {"source": "CAM-PDU-Descriptions.SpecialTransportContainer", "target": "ITS-Container.LightBarSirenInUse", "value": 1},
    {"source": "CAM-PDU-Descriptions.SpecialTransportContainer", "target": "ITS-Container.SpecialTransportType", "value": 1},
    {"source": "DSRC.diesel", "target": "DSRC.FuelType", "value": 1},
    {"source": "VAM-PDU-Descriptions.VruMotionPredictionContainer", "target": "ITS-Container.PathHistory", "value": 1},
    {"source": "VAM-PDU-Descriptions.VruMotionPredictionContainer", "target": "VAM-PDU-Descriptions.SequenceOfVruSafeDistanceIndication", "value": 1},
    {"source": "VAM-PDU-Descriptions.VruMotionPredictionContainer", "target": "VAM-PDU-Descriptions.HeadingChangeIndication", "value": 1},
    {"source": "VAM-PDU-Descriptions.VruMotionPredictionContainer", "target": "VAM-PDU-Descriptions.SequenceOfVruPathPoint", "value": 1},
    {"source": "VAM-PDU-Descriptions.VruMotionPredictionContainer", "target": "VAM-PDU-Descriptions.SequenceOfTrajectoryInterceptionIndication", "value": 1},
    {"source": "VAM-PDU-Descriptions.VruMotionPredictionContainer", "target": "VAM-PDU-Descriptions.StabilityChangeIndication", "value": 1},
    {"source": "VAM-PDU-Descriptions.VruMotionPredictionContainer", "target": "VAM-PDU-Descriptions.AccelerationChangeIndication", "value": 1},
    {"source": "DSRC.GenericLane", "target": "DSRC.ConnectsToList", "value": 1},
    {"source": "DSRC.GenericLane", "target": "DSRC.NodeListXY", "value": 1},
    {"source": "DSRC.GenericLane", "target": "DSRC.AllowedManeuvers", "value": 1},
    {"source": "DSRC.GenericLane", "target": "DSRC.OverlayLaneList", "value": 1},
    {"source": "DSRC.GenericLane", "target": "DSRC.DescriptiveName", "value": 1},
    {"source": "DSRC.GenericLane", "target": "DSRC.ApproachID", "value": 1},
    {"source": "DSRC.GenericLane", "target": "DSRC.LaneID", "value": 1},
    {"source": "DSRC.GenericLane", "target": "DSRC.RegionalExtension", "value": 1},
    {"source": "DSRC.GenericLane", "target": "REGION.Reg-GenericLane", "value": 1},
    {"source": "DSRC.GenericLane", "target": "DSRC.LaneAttributes", "value": 1},
    {"source": "DSRC.ComputedLane", "target": "DSRC.DrivenLineOffsetSm", "value": 1},
    {"source": "DSRC.ComputedLane", "target": "DSRC.DrivenLineOffsetLg", "value": 1},
    {"source": "DSRC.ComputedLane", "target": "DSRC.Scale-B12", "value": 1},
    {"source": "DSRC.ComputedLane", "target": "DSRC.Angle", "value": 1},
    {"source": "DSRC.ComputedLane", "target": "DSRC.RegionalExtension", "value": 1},
    {"source": "DSRC.ComputedLane", "target": "REGION.Reg-ComputedLane", "value": 1},
    {"source": "DSRC.ComputedLane", "target": "DSRC.LaneID", "value": 1},
    {"source": "ITS-Container.Traces", "target": "ITS-Container.PathHistory", "value": 1},
    {"source": "VAM-Temp-Imports.PolyPointList", "target": "VAM-Temp-Imports.OffsetPoint", "value": 1},
    {"source": "DSRC.MovementState", "target": "DSRC.MovementEventList", "value": 1},
    {"source": "DSRC.MovementState", "target": "REGION.Reg-MovementState", "value": 1},
    {"source": "DSRC.MovementState", "target": "DSRC.DescriptiveName", "value": 1},
    {"source": "DSRC.MovementState", "target": "DSRC.ManeuverAssistList", "value": 1},
    {"source": "DSRC.MovementState", "target": "DSRC.RegionalExtension", "value": 1},
    {"source": "DSRC.MovementState", "target": "DSRC.SignalGroupID", "value": 1},
    {"source": "DSRC.mapData", "target": "DSRC.DSRCmsgID", "value": 1},
    {"source": "DSRC.SPAT", "target": "DSRC.MinuteOfTheYear", "value": 1},
    {"source": "DSRC.SPAT", "target": "DSRC.DescriptiveName", "value": 1},
    {"source": "DSRC.SPAT", "target": "REGION.Reg-SPAT", "value": 1},
    {"source": "DSRC.SPAT", "target": "DSRC.RegionalExtension", "value": 1},
    {"source": "DSRC.SPAT", "target": "DSRC.IntersectionStateList", "value": 1},
    {"source": "ITS-Container.ItsPduHeader", "target": "ITS-Container.StationID", "value": 1},
    {"source": "DSRC.Node-XY-24b", "target": "DSRC.Offset-B12", "value": 1},
    {"source": "CAM-PDU-Descriptions.SafetyCarContainer", "target": "ITS-Container.SpeedLimit", "value": 1},
    {"source": "CAM-PDU-Descriptions.SafetyCarContainer", "target": "ITS-Container.LightBarSirenInUse", "value": 1},
    {"source": "CAM-PDU-Descriptions.SafetyCarContainer", "target": "ITS-Container.CauseCode", "value": 1},
    {"source": "CAM-PDU-Descriptions.SafetyCarContainer", "target": "ITS-Container.TrafficRule", "value": 1},
    {"source": "VAM-PDU-Descriptions.VamParameters", "target": "VAM-PDU-Descriptions.VruClusterInformationContainer", "value": 1},
    {"source": "VAM-PDU-Descriptions.VamParameters", "target": "VAM-PDU-Descriptions.VruClusterOperationContainer", "value": 1},
    {"source": "VAM-PDU-Descriptions.VamParameters", "target": "VAM-PDU-Descriptions.VruHighFrequencyContainer", "value": 1},
    {"source": "VAM-PDU-Descriptions.VamParameters", "target": "VAM-PDU-Descriptions.VruMotionPredictionContainer", "value": 1},
    {"source": "VAM-PDU-Descriptions.VamParameters", "target": "VAM-PDU-Descriptions.VruLowFrequencyContainer", "value": 1},
    {"source": "VAM-PDU-Descriptions.VamParameters", "target": "VAM-Temp-Imports.BasicContainer", "value": 1},
    {"source": "VAM-PDU-Descriptions.ItsPduHeaderVam", "target": "VAM-Temp-Imports.ItsPduHeader", "value": 1},
    {"source": "REGION.Reg-MovementState", "target": "DSRC.REG-EXT-ID-AND-TYPE", "value": 1},
    {"source": "VAM-PDU-Descriptions.TrafficIslandPosition", "target": "VAM-PDU-Descriptions.NonIslandLanePosition", "value": 1},
    {"source": "DSRC.ManeuverAssistList", "target": "DSRC.ConnectionManeuverAssist", "value": 1},
    {"source": "DSRC.RestrictionUserTypeList", "target": "DSRC.RestrictionUserType", "value": 1},
    {"source": "VAM-PDU-Descriptions.ClusterJoinInfo", "target": "VAM-PDU-Descriptions.ClusterId", "value": 1},
    {"source": "VAM-PDU-Descriptions.ClusterJoinInfo", "target": "VAM-PDU-Descriptions.VruClusterOpTimestamp", "value": 1},
    {"source": "DSRC.EnabledLaneList", "target": "DSRC.LaneID", "value": 1},
    {"source": "VAM-PDU-Descriptions.ClusterLeaveInfo", "target": "VAM-PDU-Descriptions.ClusterId", "value": 1},
    {"source": "VAM-PDU-Descriptions.ClusterLeaveInfo", "target": "VAM-PDU-Descriptions.ClusterLeaveReason", "value": 1},
    {"source": "DSRC.MovementEvent", "target": "REGION.Reg-MovementEvent", "value": 1},
    {"source": "DSRC.MovementEvent", "target": "DSRC.TimeChangeDetails", "value": 1},
    {"source": "DSRC.MovementEvent", "target": "DSRC.AdvisorySpeedList", "value": 1},
    {"source": "DSRC.MovementEvent", "target": "DSRC.MovementPhaseState", "value": 1},
    {"source": "DSRC.MovementEvent", "target": "DSRC.RegionalExtension", "value": 1},
    {"source": "REGION.Reg-SignalRequestMessage", "target": "DSRC.REG-EXT-ID-AND-TYPE", "value": 1},
    {"source": "DSRC.IntersectionGeometryList", "target": "DSRC.IntersectionGeometry", "value": 1},
    {"source": "DSRC.SignalStatus", "target": "DSRC.SignalStatusPackageList", "value": 1},
    {"source": "DSRC.SignalStatus", "target": "DSRC.IntersectionReferenceID", "value": 1},
    {"source": "DSRC.SignalStatus", "target": "DSRC.RegionalExtension", "value": 1},
    {"source": "DSRC.SignalStatus", "target": "DSRC.MsgCount", "value": 1},
    {"source": "DSRC.SignalStatus", "target": "REGION.Reg-SignalStatus", "value": 1},
    {"source": "VAM-Temp-Imports.BasicContainer", "target": "ITS-Container.ReferencePosition", "value": 1},
    {"source": "VAM-Temp-Imports.BasicContainer", "target": "VAM-Temp-Imports.StationType", "value": 1},
    {"source": "ElectronicRegistrationIdentificationVehicleDataModule.EuVehicleCategoryCode", "target": "ElectronicRegistrationIdentificationVehicleDataModule.EuVehicleCategoryN", "value": 1},
    {"source": "ElectronicRegistrationIdentificationVehicleDataModule.EuVehicleCategoryCode", "target": "ElectronicRegistrationIdentificationVehicleDataModule.EuVehicleCategoryM", "value": 1},
    {"source": "ElectronicRegistrationIdentificationVehicleDataModule.EuVehicleCategoryCode", "target": "ElectronicRegistrationIdentificationVehicleDataModule.EuVehicleCategoryO", "value": 1},
    {"source": "ElectronicRegistrationIdentificationVehicleDataModule.EuVehicleCategoryCode", "target": "ElectronicRegistrationIdentificationVehicleDataModule.EuVehicleCategoryL", "value": 1},
    {"source": "VAM-Temp-Imports.AreaRectangle", "target": "VAM-Temp-Imports.SemiRangeLength", "value": 1},
    {"source": "VAM-Temp-Imports.AreaRectangle", "target": "VAM-Temp-Imports.WGS84AngleValue", "value": 1},
    {"source": "VAM-Temp-Imports.AreaRectangle", "target": "VAM-Temp-Imports.OffsetPoint", "value": 1},
    {"source": "AddGrpC.SignalHeadLocationList", "target": "AddGrpC.SignalHeadLocation", "value": 1},
    {"source": "DSRC.Node-XY-28b", "target": "DSRC.Offset-B14", "value": 1},
    {"source": "DSRC.Node-XY-26b", "target": "DSRC.Offset-B13", "value": 1},
    {"source": "DSRC.SignalRequest", "target": "DSRC.PriorityRequestType", "value": 1},
    {"source": "DSRC.SignalRequest", "target": "DSRC.RequestID", "value": 1},
    {"source": "DSRC.SignalRequest", "target": "REGION.Reg-SignalRequest", "value": 1},
    {"source": "DSRC.SignalRequest", "target": "DSRC.IntersectionReferenceID", "value": 1},
    {"source": "DSRC.SignalRequest", "target": "DSRC.IntersectionAccessPoint", "value": 1},
    {"source": "DSRC.SignalRequest", "target": "DSRC.RegionalExtension", "value": 1},
    {"source": "VAM-PDU-Descriptions.VruAwareness", "target": "CAM-PDU-Descriptions.GenerationDeltaTime", "value": 1},
    {"source": "VAM-PDU-Descriptions.VruAwareness", "target": "VAM-PDU-Descriptions.VamParameters", "value": 1},
    {"source": "REGION.Reg-NodeOffsetPointXY", "target": "DSRC.REG-EXT-ID-AND-TYPE", "value": 1},
    {"source": "DSRC.PreemptPriorityList", "target": "DSRC.SignalControlZone", "value": 1},
    {"source": "REGION.Reg-SignalRequest", "target": "DSRC.REG-EXT-ID-AND-TYPE", "value": 1},
    {"source": "CAM-PDU-Descriptions.BasicVehicleContainerHighFrequency", "target": "ITS-Container.Heading", "value": 1},
    {"source": "CAM-PDU-Descriptions.BasicVehicleContainerHighFrequency", "target": "ITS-Container.VehicleWidth", "value": 1},
    {"source": "CAM-PDU-Descriptions.BasicVehicleContainerHighFrequency", "target": "ITS-Container.VehicleLength", "value": 1},
    {"source": "CAM-PDU-Descriptions.BasicVehicleContainerHighFrequency", "target": "ITS-Container.VerticalAcceleration", "value": 1},
    {"source": "CAM-PDU-Descriptions.BasicVehicleContainerHighFrequency", "target": "ITS-Container.AccelerationControl", "value": 1},
    {"source": "CAM-PDU-Descriptions.BasicVehicleContainerHighFrequency", "target": "ITS-Container.YawRate", "value": 1},
    {"source": "CAM-PDU-Descriptions.BasicVehicleContainerHighFrequency", "target": "ITS-Container.CurvatureCalculationMode", "value": 1},
    {"source": "CAM-PDU-Descriptions.BasicVehicleContainerHighFrequency", "target": "ITS-Container.LongitudinalAcceleration", "value": 1},
    {"source": "CAM-PDU-Descriptions.BasicVehicleContainerHighFrequency", "target": "ITS-Container.DriveDirection", "value": 1},
    {"source": "CAM-PDU-Descriptions.BasicVehicleContainerHighFrequency", "target": "ITS-Container.LanePosition", "value": 1},
    {"source": "CAM-PDU-Descriptions.BasicVehicleContainerHighFrequency", "target": "ITS-Container.Curvature", "value": 1},
    {"source": "CAM-PDU-Descriptions.BasicVehicleContainerHighFrequency", "target": "ITS-Container.PerformanceClass", "value": 1},
    {"source": "CAM-PDU-Descriptions.BasicVehicleContainerHighFrequency", "target": "ITS-Container.LateralAcceleration", "value": 1},
    {"source": "CAM-PDU-Descriptions.BasicVehicleContainerHighFrequency", "target": "ITS-Container.CenDsrcTollingZone", "value": 1},
    {"source": "CAM-PDU-Descriptions.BasicVehicleContainerHighFrequency", "target": "ITS-Container.Speed", "value": 1},
    {"source": "CAM-PDU-Descriptions.BasicVehicleContainerHighFrequency", "target": "ITS-Container.SteeringWheelAngle", "value": 1},
    {"source": "CAM-PDU-Descriptions.CamParameters", "target": "CAM-PDU-Descriptions.HighFrequencyContainer", "value": 1},
    {"source": "CAM-PDU-Descriptions.CamParameters", "target": "CAM-PDU-Descriptions.SpecialVehicleContainer", "value": 1},
    {"source": "CAM-PDU-Descriptions.CamParameters", "target": "CAM-PDU-Descriptions.BasicContainer", "value": 1},
    {"source": "CAM-PDU-Descriptions.CamParameters", "target": "CAM-PDU-Descriptions.LowFrequencyContainer", "value": 1},
    {"source": "DSRC.NodeListXY", "target": "DSRC.NodeSetXY", "value": 1},
    {"source": "DSRC.NodeListXY", "target": "DSRC.ComputedLane", "value": 1},
    {"source": "ITS-Container.SteeringWheelAngle", "target": "ITS-Container.SteeringWheelAngleValue", "value": 1},
    {"source": "ITS-Container.SteeringWheelAngle", "target": "ITS-Container.SteeringWheelAngleConfidence", "value": 1},
    {"source": "REGION.Reg-LaneDataAttribute", "target": "DSRC.REG-EXT-ID-AND-TYPE", "value": 1},
    {"source": "VAM-PDU-Descriptions.VruHighFrequencyContainer", "target": "ITS-Container.Heading", "value": 1},
    {"source": "VAM-PDU-Descriptions.VruHighFrequencyContainer", "target": "VAM-PDU-Descriptions.VruOrientation", "value": 1},
    {"source": "VAM-PDU-Descriptions.VruHighFrequencyContainer", "target": "VAM-PDU-Descriptions.VruDeviceUsage", "value": 1},
    {"source": "VAM-PDU-Descriptions.VruHighFrequencyContainer", "target": "ITS-Container.VerticalAcceleration", "value": 1},
    {"source": "VAM-PDU-Descriptions.VruHighFrequencyContainer", "target": "ITS-Container.YawRate", "value": 1},
    {"source": "VAM-PDU-Descriptions.VruHighFrequencyContainer", "target": "ITS-Container.CurvatureCalculationMode", "value": 1},
    {"source": "VAM-PDU-Descriptions.VruHighFrequencyContainer", "target": "ITS-Container.LateralAcceleration", "value": 1},
    {"source": "VAM-PDU-Descriptions.VruHighFrequencyContainer", "target": "ITS-Container.LongitudinalAcceleration", "value": 1},
    {"source": "VAM-PDU-Descriptions.VruHighFrequencyContainer", "target": "VAM-PDU-Descriptions.VruLanePosition", "value": 1},
    {"source": "VAM-PDU-Descriptions.VruHighFrequencyContainer", "target": "ITS-Container.Curvature", "value": 1},
    {"source": "VAM-PDU-Descriptions.VruHighFrequencyContainer", "target": "VAM-PDU-Descriptions.VruRollAngle", "value": 1},
    {"source": "VAM-PDU-Descriptions.VruHighFrequencyContainer", "target": "VAM-PDU-Descriptions.VruEnvironment", "value": 1},
    {"source": "VAM-PDU-Descriptions.VruHighFrequencyContainer", "target": "VAM-PDU-Descriptions.VruMovementControl", "value": 1},
    {"source": "VAM-PDU-Descriptions.VruHighFrequencyContainer", "target": "ITS-Container.Speed", "value": 1},
    {"source": "DSRC.ConnectsToList", "target": "DSRC.Connection", "value": 1},
    {"source": "REGION.Reg-GenericLane", "target": "DSRC.REG-EXT-ID-AND-TYPE", "value": 1},
    {"source": "REGION.Reg-GenericLane", "target": "AddGrpC.ConnectionTrajectory-addGrpC", "value": 1},
    {"source": "VAM-PDU-Descriptions.VruSafeDistanceIndication", "target": "VAM-PDU-Descriptions.ActionDeltaTime", "value": 1},
    {"source": "VAM-PDU-Descriptions.VruSafeDistanceIndication", "target": "VAM-PDU-Descriptions.StationSafeDistanceIndication", "value": 1},
    {"source": "VAM-PDU-Descriptions.VruSafeDistanceIndication", "target": "ITS-Container.StationID", "value": 1},
    {"source": "VAM-PDU-Descriptions.VruLanePosition", "target": "VAM-PDU-Descriptions.TrafficIslandPosition", "value": 1},
    {"source": "VAM-PDU-Descriptions.VruLanePosition", "target": "VAM-PDU-Descriptions.OffRoadLanePosition", "value": 1},
    {"source": "VAM-PDU-Descriptions.VruLanePosition", "target": "ITS-Container.LanePosition", "value": 1},
    {"source": "VAM-PDU-Descriptions.VruLanePosition", "target": "VAM-PDU-Descriptions.MapPosition", "value": 1},
    {"source": "DSRC.TimeChangeDetails", "target": "DSRC.TimeMark", "value": 1},
    {"source": "DSRC.TimeChangeDetails", "target": "DSRC.TimeIntervalConfidence", "value": 1},
    {"source": "DSRC.MovementList", "target": "DSRC.MovementState", "value": 1},
    {"source": "AddGrpC.Node", "target": "DSRC.LaneConnectionID", "value": 1},
    {"source": "AddGrpC.Node", "target": "DSRC.IntersectionID", "value": 1},
    {"source": "AddGrpC.Node", "target": "DSRC.LaneID", "value": 1},
    {"source": "DSRC.IntersectionAccessPoint", "target": "DSRC.ApproachID", "value": 1},
    {"source": "DSRC.IntersectionAccessPoint", "target": "DSRC.LaneConnectionID", "value": 1},
    {"source": "DSRC.IntersectionAccessPoint", "target": "DSRC.LaneID", "value": 1},
    {"source": "DSRC.RestrictionClassAssignment", "target": "DSRC.RestrictionUserTypeList", "value": 1},
    {"source": "DSRC.RestrictionClassAssignment", "target": "DSRC.RestrictionClassID", "value": 1},
    {"source": "DSRC.SignalRequestPackage", "target": "DSRC.MinuteOfTheYear", "value": 1},
    {"source": "DSRC.SignalRequestPackage", "target": "DSRC.SignalRequest", "value": 1},
    {"source": "DSRC.SignalRequestPackage", "target": "DSRC.DSecond", "value": 1},
    {"source": "DSRC.SignalRequestPackage", "target": "REGION.Reg-SignalRequestPackage", "value": 1},
    {"source": "DSRC.SignalRequestPackage", "target": "DSRC.RegionalExtension", "value": 1},
    {"source": "AddGrpC.SignalHeadLocation", "target": "ITS-Container.DeltaAltitude", "value": 1},
    {"source": "AddGrpC.SignalHeadLocation", "target": "DSRC.NodeOffsetPointXY", "value": 1},
    {"source": "AddGrpC.SignalHeadLocation", "target": "DSRC.SignalGroupID", "value": 1},
    {"source": "DSRC.RoadSegmentList", "target": "DSRC.RoadSegment", "value": 1},
    {"source": "DSRC.noRegion", "target": "DSRC.RegionId", "value": 1},
    {"source": "VAM-Temp-Imports.AreaCircular", "target": "VAM-Temp-Imports.Radius", "value": 1},
    {"source": "VAM-Temp-Imports.AreaCircular", "target": "VAM-Temp-Imports.OffsetPoint", "value": 1},
    {"source": "DSRC.RoadLaneSetList", "target": "DSRC.GenericLane", "value": 1},
    {"source": "REGION.Reg-RestrictionUserType", "target": "DSRC.REG-EXT-ID-AND-TYPE", "value": 1},
    {"source": "REGION.Reg-RestrictionUserType", "target": "AddGrpC.RestrictionUserType-addGrpC", "value": 1},
    {"source": "REGION.Reg-MovementEvent", "target": "DSRC.REG-EXT-ID-AND-TYPE", "value": 1},
    {"source": "REGION.Reg-MovementEvent", "target": "AddGrpC.MovementEvent-addGrpC", "value": 1},
    {"source": "CAM-PDU-Descriptions.RescueContainer", "target": "ITS-Container.LightBarSirenInUse", "value": 1},
    {"source": "DSRC.propane", "target": "DSRC.FuelType", "value": 1},
    {"source": "DSRC.LaneAttributes", "target": "REGION.Reg-LaneAttributes", "value": 1},
    {"source": "DSRC.LaneAttributes", "target": "DSRC.LaneTypeAttributes", "value": 1},
    {"source": "DSRC.LaneAttributes", "target": "DSRC.LaneDirection", "value": 1},
    {"source": "DSRC.LaneAttributes", "target": "DSRC.LaneSharing", "value": 1},
    {"source": "DSRC.LaneAttributes", "target": "DSRC.RegionalExtension", "value": 1},
    {"source": "AddGrpC.NodeLink", "target": "AddGrpC.Node", "value": 1},
    {"source": "DSRC.IntersectionGeometry", "target": "DSRC.LaneList", "value": 1},
    {"source": "DSRC.IntersectionGeometry", "target": "DSRC.SpeedLimitList", "value": 1},
    {"source": "DSRC.IntersectionGeometry", "target": "DSRC.Position3D", "value": 1},
    {"source": "DSRC.IntersectionGeometry", "target": "DSRC.DescriptiveName", "value": 1},
    {"source": "DSRC.IntersectionGeometry", "target": "REGION.Reg-IntersectionGeometry", "value": 1},
    {"source": "DSRC.IntersectionGeometry", "target": "DSRC.IntersectionReferenceID", "value": 1},
    {"source": "DSRC.IntersectionGeometry", "target": "DSRC.RegionalExtension", "value": 1},
    {"source": "DSRC.IntersectionGeometry", "target": "DSRC.MsgCount", "value": 1},
    {"source": "DSRC.IntersectionGeometry", "target": "DSRC.PreemptPriorityList", "value": 1},
    {"source": "DSRC.IntersectionGeometry", "target": "DSRC.LaneWidth", "value": 1},
    {"source": "DSRC.unknownFuel", "target": "DSRC.FuelType", "value": 1},
    {"source": "DSRC.ConnectingLane", "target": "DSRC.AllowedManeuvers", "value": 1},
    {"source": "DSRC.ConnectingLane", "target": "DSRC.LaneID", "value": 1},
    {"source": "AddGrpC.NodeAttributeSet-addGrpC", "target": "AddGrpC.NodeLink", "value": 1},
    {"source": "AddGrpC.NodeAttributeSet-addGrpC", "target": "AddGrpC.PtvRequestType", "value": 1},
    {"source": "AddGrpC.NodeAttributeSet-addGrpC", "target": "AddGrpC.Node", "value": 1},
    {"source": "ITS-Container.CenDsrcTollingZone", "target": "ITS-Container.Latitude", "value": 1},
    {"source": "ITS-Container.CenDsrcTollingZone", "target": "ITS-Container.Longitude", "value": 1},
    {"source": "ITS-Container.CenDsrcTollingZone", "target": "ITS-Container.CenDsrcTollingZoneID", "value": 1},
    {"source": "DSRC.SignalStatusMessage", "target": "DSRC.DSecond", "value": 1},
    {"source": "DSRC.SignalStatusMessage", "target": "DSRC.SignalStatusList", "value": 1},
    {"source": "DSRC.SignalStatusMessage", "target": "DSRC.MinuteOfTheYear", "value": 1},
    {"source": "DSRC.SignalStatusMessage", "target": "REGION.Reg-SignalStatusMessage", "value": 1},
    {"source": "DSRC.SignalStatusMessage", "target": "DSRC.MsgCount", "value": 1},
    {"source": "DSRC.SignalStatusMessage", "target": "DSRC.RegionalExtension", "value": 1},
    {"source": "ITS-Container.PathHistory", "target": "ITS-Container.PathPoint", "value": 1},
    {"source": "VAM-PDU-Descriptions.VAM", "target": "VAM-PDU-Descriptions.VruAwareness", "value": 1},
    {"source": "VAM-PDU-Descriptions.VAM", "target": "VAM-PDU-Descriptions.ItsPduHeaderVam", "value": 1},
    {"source": "CAM-PDU-Descriptions.PublicTransportContainer", "target": "ITS-Container.EmbarkationStatus", "value": 1},
    {"source": "CAM-PDU-Descriptions.PublicTransportContainer", "target": "ITS-Container.PtActivation", "value": 1},
    {"source": "DSRC.AntennaOffsetSet", "target": "DSRC.Offset-B10", "value": 1},
    {"source": "DSRC.AntennaOffsetSet", "target": "DSRC.Offset-B09", "value": 1},
    {"source": "DSRC.AntennaOffsetSet", "target": "DSRC.Offset-B12", "value": 1},
    {"source": "DSRC.NodeOffsetPointXY", "target": "DSRC.Node-XY-20b", "value": 1},
    {"source": "DSRC.NodeOffsetPointXY", "target": "DSRC.Node-LLmD-64b", "value": 1},
    {"source": "DSRC.NodeOffsetPointXY", "target": "DSRC.Node-XY-32b", "value": 1},
    {"source": "DSRC.NodeOffsetPointXY", "target": "DSRC.Node-XY-28b", "value": 1},
    {"source": "DSRC.NodeOffsetPointXY", "target": "REGION.Reg-NodeOffsetPointXY", "value": 1},
    {"source": "DSRC.NodeOffsetPointXY", "target": "DSRC.Node-XY-26b", "value": 1},
    {"source": "DSRC.NodeOffsetPointXY", "target": "DSRC.Node-XY-24b", "value": 1},
    {"source": "DSRC.NodeOffsetPointXY", "target": "DSRC.Node-XY-22b", "value": 1},
    {"source": "DSRC.NodeOffsetPointXY", "target": "DSRC.RegionalExtension", "value": 1},
    {"source": "ITS-Container.DigitalMap", "target": "ITS-Container.ReferencePosition", "value": 1},
    {"source": "VAM-PDU-Descriptions.MapPosition", "target": "DSRC.IntersectionReferenceID", "value": 1},
    {"source": "VAM-PDU-Descriptions.MapPosition", "target": "DSRC.LaneID", "value": 1},
    {"source": "DSRC.OverlayLaneList", "target": "DSRC.LaneID", "value": 1},
    {"source": "DSRC.NodeAttributeXYList", "target": "DSRC.NodeAttributeXY", "value": 1},
    {"source": "DSRC.addGrpC", "target": "DSRC.RegionId", "value": 1},
    {"source": "DSRC.SignalControlZone", "target": "REGION.Reg-SignalControlZone", "value": 1},
    {"source": "DSRC.SignalControlZone", "target": "DSRC.RegionalExtension", "value": 1},
    {"source": "DSRC.RegionalExtension", "target": "DSRC.REG-EXT-ID-AND-TYPE", "value": 1},
    {"source": "DSRC.RegionalExtension", "target": "DSRC.REG-EXT-ID-AND-TYPE", "value": 1},
    {"source": "DSRC.RegionalExtension", "target": "DSRC.REG-EXT-ID-AND-TYPE", "value": 1},
    {"source": "ITS-Container.Heading", "target": "ITS-Container.HeadingConfidence", "value": 1},
    {"source": "ITS-Container.Heading", "target": "ITS-Container.HeadingValue", "value": 1},
    {"source": "REGION.Reg-RequestorDescription", "target": "DSRC.REG-EXT-ID-AND-TYPE", "value": 1},
    {"source": "REGION.Reg-RequestorDescription", "target": "AddGrpC.RequestorDescription-addGrpC", "value": 1},
    {"source": "VAM-Temp-Imports.OffsetPoint", "target": "VAM-Temp-Imports.NodeOffsetPointZ", "value": 1},
    {"source": "VAM-Temp-Imports.OffsetPoint", "target": "DSRC.NodeOffsetPointXY", "value": 1},
    {"source": "AddGrpC.Position3D-addGrpC", "target": "ITS-Container.Altitude", "value": 1},
    {"source": "ITS-Container.CauseCode", "target": "ITS-Container.SubCauseCodeType", "value": 1},
    {"source": "ITS-Container.CauseCode", "target": "ITS-Container.CauseCodeType", "value": 1},
    {"source": "AddGrpC.MapData-addGrpC", "target": "AddGrpC.SignalHeadLocationList", "value": 1},
    {"source": "AddGrpC.IntersectionState-addGrpC", "target": "AddGrpC.PrioritizationResponseList", "value": 1},
    {"source": "ITS-Container.LongitudinalAcceleration", "target": "ITS-Container.AccelerationConfidence", "value": 1},
    {"source": "ITS-Container.LongitudinalAcceleration", "target": "ITS-Container.LongitudinalAccelerationValue", "value": 1},
    {"source": "DSRC.LaneList", "target": "DSRC.GenericLane", "value": 1},
    {"source": "VAM-PDU-Descriptions.VruClusterOperationContainer", "target": "VAM-PDU-Descriptions.VruClusterOpTimestamp", "value": 1},
    {"source": "VAM-PDU-Descriptions.VruClusterOperationContainer", "target": "VAM-PDU-Descriptions.ClusterBreakupInfo", "value": 1},
    {"source": "VAM-PDU-Descriptions.VruClusterOperationContainer", "target": "VAM-PDU-Descriptions.ClusterJoinInfo", "value": 1},
    {"source": "VAM-PDU-Descriptions.VruClusterOperationContainer", "target": "VAM-PDU-Descriptions.ClusterLeaveInfo", "value": 1},
    {"source": "AddGrpC.RequestorDescription-addGrpC", "target": "DSRC.FuelType", "value": 1},
    {"source": "AddGrpC.RequestorDescription-addGrpC", "target": "AddGrpC.BatteryStatus", "value": 1},
    {"source": "REGION.Reg-Position3D", "target": "DSRC.REG-EXT-ID-AND-TYPE", "value": 1},
    {"source": "REGION.Reg-Position3D", "target": "AddGrpC.Position3D-addGrpC", "value": 1},
    {"source": "DSRC.IntersectionReferenceID", "target": "DSRC.RoadRegulatorID", "value": 1},
    {"source": "DSRC.IntersectionReferenceID", "target": "DSRC.IntersectionID", "value": 1},
    {"source": "AddGrpC.SignalStatusPackage-addGrpC", "target": "DSRC.DeltaTime", "value": 1},
    {"source": "AddGrpC.SignalStatusPackage-addGrpC", "target": "AddGrpC.RejectedReason", "value": 1},
    {"source": "CAM-PDU-Descriptions.RoadWorksContainerBasic", "target": "ITS-Container.RoadworksSubCauseCode", "value": 1},
    {"source": "CAM-PDU-Descriptions.RoadWorksContainerBasic", "target": "ITS-Container.LightBarSirenInUse", "value": 1},
    {"source": "CAM-PDU-Descriptions.RoadWorksContainerBasic", "target": "ITS-Container.ClosedLanes", "value": 1},
    {"source": "ITS-Container.PosConfidenceEllipse", "target": "ITS-Container.HeadingValue", "value": 1},
    {"source": "ITS-Container.PosConfidenceEllipse", "target": "ITS-Container.SemiAxisLength", "value": 1},
    {"source": "DSRC.SignalStatusPackageList", "target": "DSRC.SignalStatusPackage", "value": 1},
    {"source": "VAM-PDU-Descriptions.VruOrientation", "target": "ITS-Container.Heading", "value": 1},
    {"source": "ITS-Container.PositionOfPillars", "target": "ITS-Container.PosPillar", "value": 1},
    {"source": "VAM-PDU-Descriptions.VruPathPoint", "target": "ITS-Container.PathDeltaTime", "value": 1},
    {"source": "VAM-PDU-Descriptions.VruPathPoint", "target": "ITS-Container.ReferencePosition", "value": 1},
    {"source": "CAM-PDU-Descriptions.BasicVehicleContainerLowFrequency", "target": "ITS-Container.PathHistory", "value": 1},
    {"source": "CAM-PDU-Descriptions.BasicVehicleContainerLowFrequency", "target": "ITS-Container.VehicleRole", "value": 1},
    {"source": "CAM-PDU-Descriptions.BasicVehicleContainerLowFrequency", "target": "ITS-Container.ExteriorLights", "value": 1},
    {"source": "REGION.Reg-LaneAttributes", "target": "DSRC.REG-EXT-ID-AND-TYPE", "value": 1},
    {"source": "REGION.Reg-LaneAttributes", "target": "AddGrpC.LaneAttributes-addGrpC", "value": 1},
    {"source": "AddGrpC.PrioritizationResponse", "target": "DSRC.SignalGroupID", "value": 1},
    {"source": "AddGrpC.PrioritizationResponse", "target": "DSRC.PrioritizationResponseStatus", "value": 1},
    {"source": "AddGrpC.PrioritizationResponse", "target": "ITS-Container.StationID", "value": 1},
    {"source": "CAM-PDU-Descriptions.LowFrequencyContainer", "target": "CAM-PDU-Descriptions.BasicVehicleContainerLowFrequency", "value": 1},
    {"source": "VAM-PDU-Descriptions.VruLowFrequencyContainer", "target": "VAM-PDU-Descriptions.VruProfileAndSubprofile", "value": 1},
    {"source": "VAM-PDU-Descriptions.VruLowFrequencyContainer", "target": "VAM-PDU-Descriptions.VruSizeClass", "value": 1},
    {"source": "VAM-PDU-Descriptions.VruLowFrequencyContainer", "target": "VAM-PDU-Descriptions.VruExteriorLights", "value": 1},
    {"source": "DSRC.PositionalAccuracy", "target": "DSRC.SemiMajorAxisAccuracy", "value": 1},
    {"source": "DSRC.PositionalAccuracy", "target": "DSRC.SemiMajorAxisOrientation", "value": 1},
    {"source": "DSRC.PositionalAccuracy", "target": "DSRC.SemiMinorAxisAccuracy", "value": 1},
    {"source": "VAM-PDU-Descriptions.VruExteriorLights", "target": "ITS-Container.ExteriorLights", "value": 1},
    {"source": "VAM-PDU-Descriptions.VruExteriorLights", "target": "VAM-PDU-Descriptions.VruSpecificExteriorLights", "value": 1},
    {"source": "VAM-PDU-Descriptions.SequenceOfVruPathPoint", "target": "VAM-PDU-Descriptions.VruPathPoint", "value": 1},
    {"source": "DSRC.MapData", "target": "DSRC.LayerID", "value": 1},
    {"source": "DSRC.MapData", "target": "DSRC.RestrictionClassList", "value": 1},
    {"source": "DSRC.MapData", "target": "DSRC.MinuteOfTheYear", "value": 1},
    {"source": "DSRC.MapData", "target": "REGION.Reg-MapData", "value": 1},
    {"source": "DSRC.MapData", "target": "DSRC.RoadSegmentList", "value": 1},
    {"source": "DSRC.MapData", "target": "DSRC.IntersectionGeometryList", "value": 1},
    {"source": "DSRC.MapData", "target": "DSRC.MsgCount", "value": 1},
    {"source": "DSRC.MapData", "target": "DSRC.DataParameters", "value": 1},
    {"source": "DSRC.MapData", "target": "DSRC.LayerType", "value": 1},
    {"source": "DSRC.MapData", "target": "DSRC.RegionalExtension", "value": 1},
    {"source": "VAM-Temp-Imports.AreaPolygon", "target": "VAM-Temp-Imports.PolyPointList", "value": 1},
    {"source": "DSRC.RestrictionUserType", "target": "REGION.Reg-RestrictionUserType", "value": 1},
    {"source": "DSRC.RestrictionUserType", "target": "DSRC.RestrictionAppliesTo", "value": 1},
    {"source": "DSRC.RestrictionUserType", "target": "DSRC.RegionalExtension", "value": 1},
    {"source": "DSRC.IntersectionStateList", "target": "DSRC.IntersectionState", "value": 1},
    {"source": "DSRC.Node-XY-20b", "target": "DSRC.Offset-B10", "value": 1},
    {"source": "DSRC.REG-EXT-ID-AND-TYPE", "target": "DSRC.RegionId", "value": 1},
    {"source": "ITS-Container.Altitude", "target": "ITS-Container.AltitudeValue", "value": 1},
    {"source": "ITS-Container.Altitude", "target": "ITS-Container.AltitudeConfidence", "value": 1},
    {"source": "REGION.Reg-SignalStatusPackage", "target": "DSRC.REG-EXT-ID-AND-TYPE", "value": 1},
    {"source": "REGION.Reg-SignalStatusPackage", "target": "AddGrpC.SignalStatusPackage-addGrpC", "value": 1},
    {"source": "VRU-Motorcyclist-Special-Container.MotorcylistSpecialContainer", "target": "VAM-PDU-Descriptions.VruSubProfileMotorcyclist", "value": 1},
    {"source": "VRU-Motorcyclist-Special-Container.MotorcylistSpecialContainer", "target": "VAM-PDU-Descriptions.VruRollAngle", "value": 1},
    {"source": "VRU-Motorcyclist-Special-Container.MotorcylistSpecialContainer", "target": "VAM-PDU-Descriptions.VruSizeClass", "value": 1},
    {"source": "VRU-Motorcyclist-Special-Container.MotorcylistSpecialContainer", "target": "VAM-PDU-Descriptions.SequenceOfVruPathPoint", "value": 1},
    {"source": "VRU-Motorcyclist-Special-Container.MotorcylistSpecialContainer", "target": "VAM-PDU-Descriptions.VruOrientation", "value": 1},
    {"source": "VRU-Motorcyclist-Special-Container.MotorcylistSpecialContainer", "target": "VAM-PDU-Descriptions.StabilityChangeIndication", "value": 1},
    {"source": "VRU-Motorcyclist-Special-Container.MotorcylistSpecialContainer", "target": "VAM-PDU-Descriptions.SequenceOfVruSafeDistanceIndication", "value": 1},
    {"source": "DSRC.IntersectionState", "target": "DSRC.DSecond", "value": 1},
    {"source": "DSRC.IntersectionState", "target": "DSRC.DescriptiveName", "value": 1},
    {"source": "DSRC.IntersectionState", "target": "DSRC.ManeuverAssistList", "value": 1},
    {"source": "DSRC.IntersectionState", "target": "DSRC.MovementList", "value": 1},
    {"source": "DSRC.IntersectionState", "target": "DSRC.MsgCount", "value": 1},
    {"source": "DSRC.IntersectionState", "target": "DSRC.EnabledLaneList", "value": 1},
    {"source": "DSRC.IntersectionState", "target": "DSRC.IntersectionStatusObject", "value": 1},
    {"source": "DSRC.IntersectionState", "target": "DSRC.MinuteOfTheYear", "value": 1},
    {"source": "DSRC.IntersectionState", "target": "DSRC.IntersectionReferenceID", "value": 1},
    {"source": "DSRC.IntersectionState", "target": "REGION.Reg-IntersectionState", "value": 1},
    {"source": "DSRC.IntersectionState", "target": "DSRC.RegionalExtension", "value": 1},
    {"source": "AddGrpC.RestrictionUserType-addGrpC", "target": "DSRC.FuelType", "value": 1},
    {"source": "AddGrpC.RestrictionUserType-addGrpC", "target": "AddGrpC.EmissionType", "value": 1},
    {"source": "DSRC.gasoline", "target": "DSRC.FuelType", "value": 1},
    {"source": "REGION.Reg-SignalRequestPackage", "target": "DSRC.REG-EXT-ID-AND-TYPE", "value": 1},
    {"source": "DSRC.LaneTypeAttributes", "target": "DSRC.LaneAttributes-TrackedVehicle", "value": 1},
    {"source": "DSRC.LaneTypeAttributes", "target": "DSRC.LaneAttributes-Bike", "value": 1},
    {"source": "DSRC.LaneTypeAttributes", "target": "DSRC.LaneAttributes-Sidewalk", "value": 1},
    {"source": "DSRC.LaneTypeAttributes", "target": "DSRC.LaneAttributes-Parking", "value": 1},
    {"source": "DSRC.LaneTypeAttributes", "target": "DSRC.LaneAttributes-Crosswalk", "value": 1},
    {"source": "DSRC.LaneTypeAttributes", "target": "DSRC.LaneAttributes-Barrier", "value": 1},
    {"source": "DSRC.LaneTypeAttributes", "target": "DSRC.LaneAttributes-Striping", "value": 1},
    {"source": "DSRC.LaneTypeAttributes", "target": "DSRC.LaneAttributes-Vehicle", "value": 1},
    {"source": "DSRC.Node-LLmD-64b", "target": "ITS-Container.Latitude", "value": 1},
    {"source": "DSRC.Node-LLmD-64b", "target": "ITS-Container.Longitude", "value": 1},
    {"source": "AddGrpC.PrioritizationResponseList", "target": "AddGrpC.PrioritizationResponse", "value": 1},
    {"source": "ITS-Container.ProtectedCommunicationZone", "target": "ITS-Container.Latitude", "value": 1},
    {"source": "ITS-Container.ProtectedCommunicationZone", "target": "ITS-Container.Longitude", "value": 1},
    {"source": "ITS-Container.ProtectedCommunicationZone", "target": "ITS-Container.ProtectedZoneType", "value": 1},
    {"source": "ITS-Container.ProtectedCommunicationZone", "target": "ITS-Container.ProtectedZoneID", "value": 1},
    {"source": "ITS-Container.ProtectedCommunicationZone", "target": "ITS-Container.ProtectedZoneRadius", "value": 1},
    {"source": "ITS-Container.ProtectedCommunicationZone", "target": "ITS-Container.TimestampIts", "value": 1},
    {"source": "DSRC.RTCMmessageList", "target": "DSRC.RTCMmessage", "value": 1},
    {"source": "ITS-Container.DangerousGoodsExtended", "target": "ITS-Container.DangerousGoodsBasic", "value": 1},
    {"source": "ITS-Container.DangerousGoodsExtended", "target": "ITS-Container.PhoneNumber", "value": 1},
    {"source": "DSRC.NodeXY", "target": "DSRC.NodeAttributeSetXY", "value": 1},
    {"source": "DSRC.NodeXY", "target": "DSRC.NodeOffsetPointXY", "value": 1},
    {"source": "DSRC.hydrogen", "target": "DSRC.FuelType", "value": 1},
    {"source": "AddGrpC.ItsStationPositionList", "target": "AddGrpC.ItsStationPosition", "value": 1},
    {"source": "DSRC.natGasComp", "target": "DSRC.FuelType", "value": 1},
    {"source": "VAM-PDU-Descriptions.VruClusterInformationContainer", "target": "VAM-PDU-Descriptions.ClusterId", "value": 1},
    {"source": "VAM-PDU-Descriptions.VruClusterInformationContainer", "target": "VAM-PDU-Descriptions.ClusterProfiles", "value": 1},
    {"source": "VAM-PDU-Descriptions.VruClusterInformationContainer", "target": "VAM-PDU-Descriptions.ClusterCardinalitySize", "value": 1},
    {"source": "VAM-PDU-Descriptions.VruClusterInformationContainer", "target": "VAM-PDU-Descriptions.ClusterBoundingBoxShape", "value": 1},
    {"source": "ITS-Container.YawRate", "target": "ITS-Container.YawRateConfidence", "value": 1},
    {"source": "ITS-Container.YawRate", "target": "ITS-Container.YawRateValue", "value": 1},
    {"source": "ITS-Container.ClosedLanes", "target": "ITS-Container.DrivingLaneStatus", "value": 1},
    {"source": "ITS-Container.ClosedLanes", "target": "ITS-Container.HardShoulderStatus", "value": 1},
    {"source": "ITS-Container.ActionID", "target": "ITS-Container.SequenceNumber", "value": 1},
    {"source": "ITS-Container.ActionID", "target": "ITS-Container.StationID", "value": 1},
    {"source": "VAM-PDU-Descriptions.SequenceOfTrajectoryInterceptionIndication", "target": "VAM-PDU-Descriptions.TrajectoryInterceptionIndication", "value": 1},
    {"source": "DSRC.SegmentAttributeXYList", "target": "DSRC.SegmentAttributeXY", "value": 1},
    {"source": "ITS-Container.Speed", "target": "ITS-Container.SpeedConfidence", "value": 1},
    {"source": "ITS-Container.Speed", "target": "ITS-Container.SpeedValue", "value": 1},
    {"source": "DSRC.Connection", "target": "DSRC.LaneConnectionID", "value": 1},
    {"source": "DSRC.Connection", "target": "DSRC.IntersectionReferenceID", "value": 1},
    {"source": "DSRC.Connection", "target": "DSRC.RestrictionClassID", "value": 1},
    {"source": "DSRC.Connection", "target": "DSRC.ConnectingLane", "value": 1},
    {"source": "DSRC.Connection", "target": "DSRC.SignalGroupID", "value": 1},
    {"source": "DSRC.RTCMheader", "target": "DSRC.GNSSstatus", "value": 1},
    {"source": "DSRC.RTCMheader", "target": "DSRC.AntennaOffsetSet", "value": 1},
    {"source": "DSRC.SignalStatusList", "target": "DSRC.SignalStatus", "value": 1},
    {"source": "ITS-Container.VerticalAcceleration", "target": "ITS-Container.VerticalAccelerationValue", "value": 1},
    {"source": "ITS-Container.VerticalAcceleration", "target": "ITS-Container.AccelerationConfidence", "value": 1},
    {"source": "DSRC.NodeSetXY", "target": "DSRC.NodeXY", "value": 1},
    {"source": "DSRC.ethanol", "target": "DSRC.FuelType", "value": 1},
    {"source": "DSRC.TransmissionAndSpeed", "target": "DSRC.Velocity", "value": 1},
    {"source": "DSRC.TransmissionAndSpeed", "target": "DSRC.TransmissionState", "value": 1},
    {"source": "DSRC.RequestorDescription", "target": "DSRC.DeltaTime", "value": 1},
    {"source": "DSRC.RequestorDescription", "target": "DSRC.TransitVehicleStatus", "value": 1},
    {"source": "DSRC.RequestorDescription", "target": "DSRC.RequestorPositionVector", "value": 1},
    {"source": "DSRC.RequestorDescription", "target": "REGION.Reg-RequestorDescription", "value": 1},
    {"source": "DSRC.RequestorDescription", "target": "DSRC.DescriptiveName", "value": 1},
    {"source": "DSRC.RequestorDescription", "target": "DSRC.RegionalExtension", "value": 1},
    {"source": "DSRC.RequestorDescription", "target": "DSRC.RequestorType", "value": 1},
    {"source": "DSRC.RequestorDescription", "target": "DSRC.VehicleID", "value": 1},
    {"source": "DSRC.RequestorDescription", "target": "DSRC.TransitVehicleOccupancy", "value": 1},
    {"source": "AddGrpC.ConnectionManeuverAssist-addGrpC", "target": "AddGrpC.ItsStationPositionList", "value": 1},
    {"source": "DSRC.addGrpB", "target": "DSRC.RegionId", "value": 1},
    {"source": "VAM-PDU-Descriptions.VruProfileAndSubprofile", "target": "VAM-PDU-Descriptions.VruSubProfileBicyclist", "value": 1},
    {"source": "VAM-PDU-Descriptions.VruProfileAndSubprofile", "target": "VAM-PDU-Descriptions.VruSubProfileAnimal", "value": 1},
    {"source": "VAM-PDU-Descriptions.VruProfileAndSubprofile", "target": "VAM-PDU-Descriptions.VruSubProfileMotorcyclist", "value": 1},
    {"source": "VAM-PDU-Descriptions.VruProfileAndSubprofile", "target": "VAM-PDU-Descriptions.VruSubProfilePedestrian", "value": 1},
    {"source": "DSRC.ConnectionManeuverAssist", "target": "DSRC.ZoneLength", "value": 1},
    {"source": "DSRC.ConnectionManeuverAssist", "target": "DSRC.LaneConnectionID", "value": 1},
    {"source": "DSRC.ConnectionManeuverAssist", "target": "REGION.Reg-ConnectionManeuverAssist", "value": 1},
    {"source": "DSRC.ConnectionManeuverAssist", "target": "DSRC.WaitOnStopline", "value": 1},
    {"source": "DSRC.ConnectionManeuverAssist", "target": "DSRC.PedestrianBicycleDetect", "value": 1},
    {"source": "DSRC.ConnectionManeuverAssist", "target": "DSRC.RegionalExtension", "value": 1},
    {"source": "VAM-PDU-Descriptions.AccelerationChangeIndication", "target": "VAM-PDU-Descriptions.AccelOrDecel", "value": 1},
    {"source": "VAM-PDU-Descriptions.AccelerationChangeIndication", "target": "VAM-PDU-Descriptions.ActionDeltaTime", "value": 1},
    {"source": "DSRC.hybrid", "target": "DSRC.FuelType", "value": 1},
    {"source": "VAM-Temp-Imports.NodeOffsetPointZ", "target": "DSRC.Offset-B13", "value": 1},
    {"source": "VAM-Temp-Imports.NodeOffsetPointZ", "target": "DSRC.Offset-B14", "value": 1},
    {"source": "VAM-Temp-Imports.NodeOffsetPointZ", "target": "DSRC.Offset-B10", "value": 1},
    {"source": "VAM-Temp-Imports.NodeOffsetPointZ", "target": "DSRC.Offset-B16", "value": 1},
    {"source": "VAM-Temp-Imports.NodeOffsetPointZ", "target": "DSRC.Offset-B11", "value": 1},
    {"source": "VAM-Temp-Imports.NodeOffsetPointZ", "target": "DSRC.Offset-B12", "value": 1},
    {"source": "REGION.Reg-RequestorType", "target": "DSRC.REG-EXT-ID-AND-TYPE", "value": 1},
    {"source": "REGION.Reg-SignalStatusMessage", "target": "DSRC.REG-EXT-ID-AND-TYPE", "value": 1},
    {"source": "DSRC.RestrictionClassList", "target": "DSRC.RestrictionClassAssignment", "value": 1},
    {"source": "ITS-Container.DeltaReferencePosition", "target": "ITS-Container.DeltaAltitude", "value": 1},
    {"source": "ITS-Container.DeltaReferencePosition", "target": "ITS-Container.DeltaLongitude", "value": 1},
    {"source": "ITS-Container.DeltaReferencePosition", "target": "ITS-Container.DeltaLatitude", "value": 1},
    {"source": "ITS-Container.PathPoint", "target": "ITS-Container.DeltaReferencePosition", "value": 1},
    {"source": "ITS-Container.PathPoint", "target": "ITS-Container.PathDeltaTime", "value": 1},
    {"source": "CAM-PDU-Descriptions.CoopAwareness", "target": "CAM-PDU-Descriptions.GenerationDeltaTime", "value": 1},
    {"source": "CAM-PDU-Descriptions.CoopAwareness", "target": "CAM-PDU-Descriptions.CamParameters", "value": 1},
    {"source": "REGION.Reg-RoadSegment", "target": "DSRC.REG-EXT-ID-AND-TYPE", "value": 1},
    {"source": "DSRC.RegulatorySpeedLimit", "target": "DSRC.SpeedLimitType", "value": 1},
    {"source": "DSRC.RegulatorySpeedLimit", "target": "DSRC.Velocity", "value": 1},
    {"source": "REGION.Reg-SignalStatus", "target": "DSRC.REG-EXT-ID-AND-TYPE", "value": 1},
    {"source": "CAM-PDU-Descriptions.SpecialVehicleContainer", "target": "CAM-PDU-Descriptions.SpecialTransportContainer", "value": 1},
    {"source": "CAM-PDU-Descriptions.SpecialVehicleContainer", "target": "CAM-PDU-Descriptions.PublicTransportContainer", "value": 1},
    {"source": "CAM-PDU-Descriptions.SpecialVehicleContainer", "target": "CAM-PDU-Descriptions.RescueContainer", "value": 1},
    {"source": "CAM-PDU-Descriptions.SpecialVehicleContainer", "target": "CAM-PDU-Descriptions.EmergencyContainer", "value": 1},
    {"source": "CAM-PDU-Descriptions.SpecialVehicleContainer", "target": "CAM-PDU-Descriptions.DangerousGoodsContainer", "value": 1},
    {"source": "CAM-PDU-Descriptions.SpecialVehicleContainer", "target": "CAM-PDU-Descriptions.SafetyCarContainer", "value": 1},
    {"source": "CAM-PDU-Descriptions.SpecialVehicleContainer", "target": "CAM-PDU-Descriptions.RoadWorksContainerBasic", "value": 1}
  ]
}
