{
  "_comment": "code automatically generated by pycrate_asn1c",
  "nodes": [
    {"id": "_IMPL_.REAL", "group": 0},
    {"id": "_IMPL_.EXTERNAL", "group": 0},
    {"id": "_IMPL_.EMBEDDED PDV", "group": 0},
    {"id": "_IMPL_.CHARACTER STRING", "group": 0},
    {"id": "_IMPL_.TYPE-IDENTIFIER", "group": 0},
    {"id": "_IMPL_.ABSTRACT-SYNTAX", "group": 0},
    {"id": "EN301040.LIACTIVATEreq", "group": 2},
    {"id": "EN301040.LIACTIVATEconf", "group": 2},
    {"id": "EN301040.LIMODIFYreq", "group": 2},
    {"id": "EN301040.LIMODIFYconf", "group": 2},
    {"id": "EN301040.LISTATUSind", "group": 2},
    {"id": "EN301040.TARGETACTIVITYMONITORind", "group": 2},
    {"id": "EN301040.TARGETCOMMSMONITORind", "group": 2},
    {"id": "EN301040.TTRAFFICind", "group": 2},
    {"id": "EN301040.CTTRAFFICind", "group": 2},
    {"id": "EN301040.ActivityClassType", "group": 2},
    {"id": "EN301040.ActivityType", "group": 2},
    {"id": "EN301040.AddressType", "group": 2},
    {"id": "EN301040.TETRAAddressType", "group": 2},
    {"id": "EN301040.CellIdType", "group": 2},
    {"id": "EN301040.LocationAreaType", "group": 2},
    {"id": "EN301040.LocationType", "group": 2},
    {"id": "EN301040.MCCType", "group": 2},
    {"id": "EN301040.MNCType", "group": 2},
    {"id": "EN301040.SSIType", "group": 2},
    {"id": "EN301040.CircuitIdType", "group": 2},
    {"id": "EN301040.SSType", "group": 2},
    {"id": "EN301040.StatusType", "group": 2},
    {"id": "EN301040.TETRACGIType", "group": 2},
    {"id": "EN301040.TLIIdType", "group": 2},
    {"id": "EN301040.TSIType", "group": 2},
    {"id": "EN301040.TEIType", "group": 2},
    {"id": "Gprs-HI3-PS.lawfulInterceptDomainId", "group": 3},
    {"id": "Gprs-HI3-PS.hi3GPRSLIId", "group": 3},
    {"id": "Gprs-HI3-PS.hi3GPRSLIIdOperationId", "group": 3},
    {"id": "Gprs-HI3-PS.ETSI-CC-PDU", "group": 3},
    {"id": "HI1NotificationOperations.lawfulInterceptDomainId", "group": 4},
    {"id": "HI1NotificationOperations.hi1NotificationOperationsId", "group": 4},
    {"id": "HI1NotificationOperations.hi1OperationId", "group": 4},
    {"id": "HI1NotificationOperations.sending-of-HI1-Notification", "group": 4},
    {"id": "HI1NotificationOperations.other-failure-causes", "group": 4},
    {"id": "HI1NotificationOperations.missing-parameter", "group": 4},
    {"id": "HI1NotificationOperations.unknown-parameter", "group": 4},
    {"id": "HI1NotificationOperations.erroneous-parameter", "group": 4},
    {"id": "HI1NotificationOperations.ErrorHI1Notifications", "group": 4},
    {"id": "HI1NotificationOperations.HI1-Operation", "group": 4},
    {"id": "HI1NotificationOperations.Notification", "group": 4},
    {"id": "HI1NotificationOperations.Alarm-Indicator", "group": 4},
    {"id": "HI1NotificationOperations.National-HI1-ASN1parameters", "group": 4},
    {"id": "HI2Operations.lawfulInterceptDomainId", "group": 5},
    {"id": "HI2Operations.hi2DomainId", "group": 5},
    {"id": "HI2Operations.hi2OperationId", "group": 5},
    {"id": "HI2Operations.sending-of-IRI", "group": 5},
    {"id": "HI2Operations.IRIsContent", "group": 5},
    {"id": "HI2Operations.IRISequence", "group": 5},
    {"id": "HI2Operations.IRIContent", "group": 5},
    {"id": "HI2Operations.unknown-version", "group": 5},
    {"id": "HI2Operations.missing-parameter", "group": 5},
    {"id": "HI2Operations.unknown-parameter-value", "group": 5},
    {"id": "HI2Operations.unknown-parameter", "group": 5},
    {"id": "HI2Operations.OperationErrors", "group": 5},
    {"id": "HI2Operations.IRI-Parameters", "group": 5},
    {"id": "HI2Operations.CommunicationIdentifier", "group": 5},
    {"id": "HI2Operations.Network-Identifier", "group": 5},
    {"id": "HI2Operations.Network-Element-Identifier", "group": 5},
    {"id": "HI2Operations.CC-Link-Identifier", "group": 5},
    {"id": "HI2Operations.TimeStamp", "group": 5},
    {"id": "HI2Operations.LocalTimeStamp", "group": 5},
    {"id": "HI2Operations.PartyInformation", "group": 5},
    {"id": "HI2Operations.CallingPartyNumber", "group": 5},
    {"id": "HI2Operations.CalledPartyNumber", "group": 5},
    {"id": "HI2Operations.Location", "group": 5},
    {"id": "HI2Operations.TetraLocation", "group": 5},
    {"id": "HI2Operations.GSMLocation", "group": 5},
    {"id": "HI2Operations.MapDatum", "group": 5},
    {"id": "HI2Operations.UMTSLocation", "group": 5},
    {"id": "HI2Operations.GeographicalCoordinates", "group": 5},
    {"id": "HI2Operations.GA-Point", "group": 5},
    {"id": "HI2Operations.GA-PointWithUnCertainty", "group": 5},
    {"id": "HI2Operations.maxNrOfPoints", "group": 5},
    {"id": "HI2Operations.GA-Polygon", "group": 5},
    {"id": "HI2Operations.CallContentLinkCharacteristics", "group": 5},
    {"id": "HI2Operations.CCLink-State", "group": 5},
    {"id": "HI2Operations.Intercepted-Call-State", "group": 5},
    {"id": "HI2Operations.Services-Information", "group": 5},
    {"id": "HI2Operations.ISUP-parameters", "group": 5},
    {"id": "HI2Operations.DSS1-parameters-codeset-0", "group": 5},
    {"id": "HI2Operations.MAP-parameters", "group": 5},
    {"id": "HI2Operations.Supplementary-Services", "group": 5},
    {"id": "HI2Operations.Standard-Supplementary-Services", "group": 5},
    {"id": "HI2Operations.Non-Standard-Supplementary-Services", "group": 5},
    {"id": "HI2Operations.Other-Services", "group": 5},
    {"id": "HI2Operations.ISUP-SS-parameters", "group": 5},
    {"id": "HI2Operations.DSS1-SS-parameters-codeset-0", "group": 5},
    {"id": "HI2Operations.DSS1-SS-parameters-codeset-4", "group": 5},
    {"id": "HI2Operations.DSS1-SS-parameters-codeset-5", "group": 5},
    {"id": "HI2Operations.DSS1-SS-parameters-codeset-6", "group": 5},
    {"id": "HI2Operations.DSS1-SS-parameters-codeset-7", "group": 5},
    {"id": "HI2Operations.DSS1-SS-Invoke-Components", "group": 5},
    {"id": "HI2Operations.MAP-SS-Invoke-Components", "group": 5},
    {"id": "HI2Operations.MAP-SS-Parameters", "group": 5},
    {"id": "HI2Operations.SimpleIndication", "group": 5},
    {"id": "HI2Operations.SciDataMode", "group": 5},
    {"id": "HI2Operations.SMS-report", "group": 5},
    {"id": "HI2Operations.LawfulInterceptionIdentifier", "group": 5},
    {"id": "HI2Operations.National-Parameters", "group": 5},
    {"id": "HI2Operations.GPRSCorrelationNumber", "group": 5},
    {"id": "HI2Operations.GPRSEvent", "group": 5},
    {"id": "HI2Operations.Services-Data-Information", "group": 5},
    {"id": "HI2Operations.GPRS-parameters", "group": 5},
    {"id": "HI2Operations.GPRSOperationErrorCode", "group": 5},
    {"id": "HI2Operations.DataNodeAddress", "group": 5},
    {"id": "HI2Operations.IPAddress", "group": 5},
    {"id": "HI2Operations.IP-value", "group": 5},
    {"id": "HI2Operations.X25Address", "group": 5},
    {"id": "HI2Operations.National-HI2-ASN1parameters", "group": 5},
    {"id": "HI3CCLinkData.lawfulInterceptDomainId", "group": 6},
    {"id": "HI3CCLinkData.hi3CCLinkId", "group": 6},
    {"id": "HI3CCLinkData.hi3CCLinkIdOperationId", "group": 6},
    {"id": "HI3CCLinkData.UUS1-Content", "group": 6},
    {"id": "HI3CCLinkData.Direction-Indication", "group": 6},
    {"id": "HI3CCLinkData.Service-Information", "group": 6},
    {"id": "HI3CircuitDataOperations.lawfulInterceptDomainId", "group": 7},
    {"id": "HI3CircuitDataOperations.hi3CircuitLIId", "group": 7},
    {"id": "HI3CircuitDataOperations.hi3CircuitLIOperationId", "group": 7},
    {"id": "HI3CircuitDataOperations.circuit-Call-related-Services", "group": 7},
    {"id": "HI3CircuitDataOperations.no-Circuit-Call-related-Services", "group": 7},
    {"id": "HI3CircuitDataOperations.Content-Report", "group": 7},
    {"id": "HIManagementOperations.lawfulInterceptDomainId", "group": 8},
    {"id": "HIManagementOperations.himDomainId", "group": 8},
    {"id": "HIManagementOperations.himOperationId", "group": 8},
    {"id": "HIManagementOperations.sending-of-Password", "group": 8},
    {"id": "HIManagementOperations.data-Link-Test", "group": 8},
    {"id": "HIManagementOperations.end-Of-Connection", "group": 8},
    {"id": "HIManagementOperations.other-failure-causes", "group": 8},
    {"id": "HIManagementOperations.missing-parameter", "group": 8},
    {"id": "HIManagementOperations.unknown-parameter", "group": 8},
    {"id": "HIManagementOperations.erroneous-parameter", "group": 8},
    {"id": "HIManagementOperations.ErrorsHim", "group": 8},
    {"id": "HIManagementOperations.Password-Name", "group": 8},
    {"id": "Remote-Operations-Information-Objects.OPERATION", "group": 9},
    {"id": "Remote-Operations-Information-Objects.ERROR", "group": 9},
    {"id": "Remote-Operations-Information-Objects.OPERATION-PACKAGE", "group": 9},
    {"id": "Remote-Operations-Information-Objects.CONNECTION-PACKAGE", "group": 9},
    {"id": "Remote-Operations-Information-Objects.CONTRACT", "group": 9},
    {"id": "Remote-Operations-Information-Objects.ROS-OBJECT-CLASS", "group": 9},
    {"id": "Remote-Operations-Information-Objects.Code", "group": 9},
    {"id": "Remote-Operations-Information-Objects.Priority", "group": 9},
    {"id": "Remote-Operations-Information-Objects.refuse", "group": 9},
    {"id": "Remote-Operations-Information-Objects.emptyBind", "group": 9},
    {"id": "Remote-Operations-Information-Objects.emptyUnbind", "group": 9},
    {"id": "TETRA-HI1NotificationOperations.lawfulInterceptDomainId", "group": 10},
    {"id": "TETRA-HI1NotificationOperations.tETRADomainId", "group": 10},
    {"id": "TETRA-HI1NotificationOperations.hi1OperationId", "group": 10},
    {"id": "TETRA-HI1NotificationOperations.sending-of-HI1-Notification", "group": 10},
    {"id": "TETRA-HI1NotificationOperations.other-failure-causes", "group": 10},
    {"id": "TETRA-HI1NotificationOperations.missing-parameter", "group": 10},
    {"id": "TETRA-HI1NotificationOperations.unknown-parameter", "group": 10},
    {"id": "TETRA-HI1NotificationOperations.erroneous-parameter", "group": 10},
    {"id": "TETRA-HI1NotificationOperations.ErrorHI1Notifications", "group": 10},
    {"id": "TETRA-HI1NotificationOperations.HI1-Operation", "group": 10},
    {"id": "TETRA-HI1NotificationOperations.Notification", "group": 10},
    {"id": "TETRA-HI1NotificationOperations.Alarm-Indicator", "group": 10},
    {"id": "TETRA-HI1NotificationOperations.National-HI1-ASN1parameters", "group": 10},
    {"id": "TETRA-HI2Operations.tetra-sending-of-IRI", "group": 11},
    {"id": "TETRA-HI2Operations.TETRAIRIsContent", "group": 11},
    {"id": "TETRA-HI2Operations.TetraIRISequence", "group": 11},
    {"id": "TETRA-HI2Operations.lawfulInterceptDomainId", "group": 11},
    {"id": "TETRA-HI2Operations.tETRADomainId", "group": 11},
    {"id": "TETRA-HI2Operations.hi2OperationId", "group": 11},
    {"id": "TETRA-HI2Operations.TetraIRIContent", "group": 11},
    {"id": "TETRA-HI2Operations.unknown-version", "group": 11},
    {"id": "TETRA-HI2Operations.missing-parameter", "group": 11},
    {"id": "TETRA-HI2Operations.unknown-parameter-value", "group": 11},
    {"id": "TETRA-HI2Operations.unknown-parameter", "group": 11},
    {"id": "TETRA-HI2Operations.OperationErrors", "group": 11},
    {"id": "TETRA-HI2Operations.Tetra-IRI-Parameters", "group": 11},
    {"id": "TETRA-HI2Operations.TETRA-LI-Event", "group": 11},
    {"id": "TETRA-HI2Operations.DMO-Indicator", "group": 11},
    {"id": "TETRA-HI2Operations.TxGrantedStatus", "group": 11},
    {"id": "TETRA-HI2Operations.GroupStatus", "group": 11},
    {"id": "TETRA-HI2Operations.CommunicationIdentifier", "group": 11},
    {"id": "TETRA-HI2Operations.Network-Identifier", "group": 11},
    {"id": "TETRA-HI2Operations.Network-Element-Identifier", "group": 11},
    {"id": "TETRA-HI2Operations.CC-Link-Identifier", "group": 11},
    {"id": "TETRA-HI2Operations.TimeStamp", "group": 11},
    {"id": "TETRA-HI2Operations.LocalTimeStamp", "group": 11},
    {"id": "TETRA-HI2Operations.PartyInformation", "group": 11},
    {"id": "TETRA-HI2Operations.CallingPartyNumber", "group": 11},
    {"id": "TETRA-HI2Operations.CalledPartyNumber", "group": 11},
    {"id": "TETRA-HI2Operations.Location", "group": 11},
    {"id": "TETRA-HI2Operations.TetraLocation", "group": 11},
    {"id": "TETRA-HI2Operations.GSMLocation", "group": 11},
    {"id": "TETRA-HI2Operations.MapDatum", "group": 11},
    {"id": "TETRA-HI2Operations.UMTSLocation", "group": 11},
    {"id": "TETRA-HI2Operations.GeographicalCoordinates", "group": 11},
    {"id": "TETRA-HI2Operations.GA-Point", "group": 11},
    {"id": "TETRA-HI2Operations.GA-PointWithUnCertainty", "group": 11},
    {"id": "TETRA-HI2Operations.maxNrOfPoints", "group": 11},
    {"id": "TETRA-HI2Operations.GA-Polygon", "group": 11},
    {"id": "TETRA-HI2Operations.CallContentLinkCharacteristics", "group": 11},
    {"id": "TETRA-HI2Operations.CCLink-State", "group": 11},
    {"id": "TETRA-HI2Operations.Intercepted-Call-State", "group": 11},
    {"id": "TETRA-HI2Operations.Services-Information", "group": 11},
    {"id": "TETRA-HI2Operations.ISUP-parameters", "group": 11},
    {"id": "TETRA-HI2Operations.DSS1-parameters-codeset-0", "group": 11},
    {"id": "TETRA-HI2Operations.MAP-parameters", "group": 11},
    {"id": "TETRA-HI2Operations.Supplementary-Services", "group": 11},
    {"id": "TETRA-HI2Operations.Standard-Supplementary-Services", "group": 11},
    {"id": "TETRA-HI2Operations.Non-Standard-Supplementary-Services", "group": 11},
    {"id": "TETRA-HI2Operations.Other-Services", "group": 11},
    {"id": "TETRA-HI2Operations.ISUP-SS-parameters", "group": 11},
    {"id": "TETRA-HI2Operations.DSS1-SS-parameters-codeset-0", "group": 11},
    {"id": "TETRA-HI2Operations.DSS1-SS-parameters-codeset-4", "group": 11},
    {"id": "TETRA-HI2Operations.DSS1-SS-parameters-codeset-5", "group": 11},
    {"id": "TETRA-HI2Operations.DSS1-SS-parameters-codeset-6", "group": 11},
    {"id": "TETRA-HI2Operations.DSS1-SS-parameters-codeset-7", "group": 11},
    {"id": "TETRA-HI2Operations.DSS1-SS-Invoke-Components", "group": 11},
    {"id": "TETRA-HI2Operations.MAP-SS-Invoke-Components", "group": 11},
    {"id": "TETRA-HI2Operations.MAP-SS-Parameters", "group": 11},
    {"id": "TETRA-HI2Operations.SimpleIndication", "group": 11},
    {"id": "TETRA-HI2Operations.SciDataMode", "group": 11},
    {"id": "TETRA-HI2Operations.SMS-report", "group": 11},
    {"id": "TETRA-HI2Operations.LawfulInterceptionIdentifier", "group": 11},
    {"id": "TETRA-HI2Operations.National-Parameters", "group": 11},
    {"id": "TETRA-HI2Operations.GPRSCorrelationNumber", "group": 11},
    {"id": "TETRA-HI2Operations.GPRSEvent", "group": 11},
    {"id": "TETRA-HI2Operations.Services-Data-Information", "group": 11},
    {"id": "TETRA-HI2Operations.GPRS-parameters", "group": 11},
    {"id": "TETRA-HI2Operations.GPRSOperationErrorCode", "group": 11},
    {"id": "TETRA-HI2Operations.DataNodeAddress", "group": 11},
    {"id": "TETRA-HI2Operations.IPAddress", "group": 11},
    {"id": "TETRA-HI2Operations.IP-value", "group": 11},
    {"id": "TETRA-HI2Operations.X25Address", "group": 11},
    {"id": "TETRA-HI2Operations.National-HI2-ASN1parameters", "group": 11},
    {"id": "TETRA-HIManagementOperations.tETRA-sending-of-Password", "group": 12},
    {"id": "TETRA-HIManagementOperations.tETRA-data-Link-Test", "group": 12},
    {"id": "TETRA-HIManagementOperations.tETRA-end-Of-Connection", "group": 12},
    {"id": "TETRA-HIManagementOperations.other-failure-causes", "group": 12},
    {"id": "TETRA-HIManagementOperations.missing-parameter", "group": 12},
    {"id": "TETRA-HIManagementOperations.unknown-parameter", "group": 12},
    {"id": "TETRA-HIManagementOperations.erroneous-parameter", "group": 12},
    {"id": "TETRA-HIManagementOperations.ErrorsHim", "group": 12},
    {"id": "TETRA-HIManagementOperations.lawfulInterceptDomainId", "group": 12},
    {"id": "TETRA-HIManagementOperations.tETRADomainId", "group": 12},
    {"id": "TETRA-HIManagementOperations.himDomainId", "group": 12},
    {"id": "TETRA-HIManagementOperations.TETRA-Password-Name", "group": 12},
    {"id": "PCESP.ProtocolVersion", "group": 13},
    {"id": "PCESP.CdcPdu", "group": 13},
    {"id": "PCESP.Message", "group": 13},
    {"id": "PCESP.Answer", "group": 13},
    {"id": "PCESP.CCChange", "group": 13},
    {"id": "PCESP.CCClose", "group": 13},
    {"id": "PCESP.CCOpen", "group": 13},
    {"id": "PCESP.ConferencePartyChange", "group": 13},
    {"id": "PCESP.DialedDigitExtraction", "group": 13},
    {"id": "PCESP.MediaReport", "group": 13},
    {"id": "PCESP.NetworkSignal", "group": 13},
    {"id": "PCESP.Origination", "group": 13},
    {"id": "PCESP.Redirection", "group": 13},
    {"id": "PCESP.Release", "group": 13},
    {"id": "PCESP.ServiceInstance", "group": 13},
    {"id": "PCESP.SubjectSignal", "group": 13},
    {"id": "PCESP.TerminationAttempt", "group": 13},
    {"id": "PCESP.AccessingElementId", "group": 13},
    {"id": "PCESP.AlertingSignal", "group": 13},
    {"id": "PCESP.AudibleSignal", "group": 13},
    {"id": "PCESP.CallId", "group": 13},
    {"id": "PCESP.CaseId", "group": 13},
    {"id": "PCESP.CCCId", "group": 13},
    {"id": "PCESP.EventTime", "group": 13},
    {"id": "PCESP.FlowDirection", "group": 13},
    {"id": "PCESP.PartyId", "group": 13},
    {"id": "PCESP.RedirectedFromInfo", "group": 13},
    {"id": "PCESP.ResourceState", "group": 13},
    {"id": "PCESP.SDP", "group": 13},
    {"id": "PCESP.TerminalDisplayInfo", "group": 13},
    {"id": "PCESP.TransitCarrierId", "group": 13},
    {"id": "TS101909201.TARGETACTIVITYMONITOR-1", "group": 14},
    {"id": "TS101909201.TTRAFFIC", "group": 14},
    {"id": "TS101909201.CTTRAFFIC", "group": 14},
    {"id": "TS101909201.DirectionType", "group": 14},
    {"id": "TS101909201.UserSignalType", "group": 14},
    {"id": "TS101909201.IRITransactionType", "group": 14},
    {"id": "TS101909201.LocationType", "group": 14},
    {"id": "TS101909201.LIIDType", "group": 14},
    {"id": "Umts-HI3-PS.lawfulInterceptDomainId", "group": 15},
    {"id": "Umts-HI3-PS.threeGPPSUBDomainId", "group": 15},
    {"id": "Umts-HI3-PS.hi3DomainId", "group": 15},
    {"id": "Umts-HI3-PS.CC-PDU", "group": 15},
    {"id": "Umts-HI3-PS.ULIC-header", "group": 15},
    {"id": "Umts-HI3-PS.Version", "group": 15},
    {"id": "Umts-HI3-PS.TPDU-direction", "group": 15},
    {"id": "Umts-HI3-PS.National-HI3-ASN1parameters", "group": 15},
    {"id": "Umts-HI3-PS.ICE-type", "group": 15},
    {"id": "UmtsHI2Operations.lawfulInterceptDomainId", "group": 16},
    {"id": "UmtsHI2Operations.threeGPPSUBDomainId", "group": 16},
    {"id": "UmtsHI2Operations.hi2DomainId", "group": 16},
    {"id": "UmtsHI2Operations.UmtsIRIsContent", "group": 16},
    {"id": "UmtsHI2Operations.UmtsIRISequence", "group": 16},
    {"id": "UmtsHI2Operations.UmtsIRIContent", "group": 16},
    {"id": "UmtsHI2Operations.IRI-Parameters", "group": 16},
    {"id": "UmtsHI2Operations.PANI-Header-Info", "group": 16},
    {"id": "UmtsHI2Operations.PANI-Location", "group": 16},
    {"id": "UmtsHI2Operations.PartyInformation", "group": 16},
    {"id": "UmtsHI2Operations.Location", "group": 16},
    {"id": "UmtsHI2Operations.GlobalCellID", "group": 16},
    {"id": "UmtsHI2Operations.Rai", "group": 16},
    {"id": "UmtsHI2Operations.Sai", "group": 16},
    {"id": "UmtsHI2Operations.GSMLocation", "group": 16},
    {"id": "UmtsHI2Operations.MapDatum", "group": 16},
    {"id": "UmtsHI2Operations.UMTSLocation", "group": 16},
    {"id": "UmtsHI2Operations.GeographicalCoordinates", "group": 16},
    {"id": "UmtsHI2Operations.GA-Point", "group": 16},
    {"id": "UmtsHI2Operations.GA-PointWithUnCertainty", "group": 16},
    {"id": "UmtsHI2Operations.maxNrOfPoints", "group": 16},
    {"id": "UmtsHI2Operations.GA-Polygon", "group": 16},
    {"id": "UmtsHI2Operations.CivicAddress", "group": 16},
    {"id": "UmtsHI2Operations.XmlCivicAddress", "group": 16},
    {"id": "UmtsHI2Operations.DetailedCivicAddress", "group": 16},
    {"id": "UmtsHI2Operations.SMS-report", "group": 16},
    {"id": "UmtsHI2Operations.GPRSCorrelationNumber", "group": 16},
    {"id": "UmtsHI2Operations.CorrelationValues", "group": 16},
    {"id": "UmtsHI2Operations.IMS-VoIP-Correlation", "group": 16},
    {"id": "UmtsHI2Operations.IRI-to-CC-Correlation", "group": 16},
    {"id": "UmtsHI2Operations.IRI-to-IRI-Correlation", "group": 16},
    {"id": "UmtsHI2Operations.GPRSEvent", "group": 16},
    {"id": "UmtsHI2Operations.CSREvent", "group": 16},
    {"id": "UmtsHI2Operations.IMSevent", "group": 16},
    {"id": "UmtsHI2Operations.Current-Previous-Systems", "group": 16},
    {"id": "UmtsHI2Operations.Change-Of-Target-Identity", "group": 16},
    {"id": "UmtsHI2Operations.Requesting-Node-Type", "group": 16},
    {"id": "UmtsHI2Operations.Services-Data-Information", "group": 16},
    {"id": "UmtsHI2Operations.GPRS-parameters", "group": 16},
    {"id": "UmtsHI2Operations.GPRSOperationErrorCode", "group": 16},
    {"id": "UmtsHI2Operations.LDIevent", "group": 16},
    {"id": "UmtsHI2Operations.UmtsQos", "group": 16},
    {"id": "UmtsHI2Operations.MediaDecryption-info", "group": 16},
    {"id": "UmtsHI2Operations.CCKeyInfo", "group": 16},
    {"id": "UmtsHI2Operations.MediaSecFailureIndication", "group": 16},
    {"id": "UmtsHI2Operations.PacketDataHeaderInformation", "group": 16},
    {"id": "UmtsHI2Operations.PacketDataHeaderReport", "group": 16},
    {"id": "UmtsHI2Operations.PacketDataHeaderMapped", "group": 16},
    {"id": "UmtsHI2Operations.TPDU-direction", "group": 16},
    {"id": "UmtsHI2Operations.PacketDataHeaderCopy", "group": 16},
    {"id": "UmtsHI2Operations.PacketDataSummaryReport", "group": 16},
    {"id": "UmtsHI2Operations.PacketFlowSummary", "group": 16},
    {"id": "UmtsHI2Operations.ReportReason", "group": 16},
    {"id": "UmtsHI2Operations.ReportInterval", "group": 16},
    {"id": "UmtsHI2Operations.ExtendedLocParameters", "group": 16},
    {"id": "UmtsHI2Operations.LocationErrorCode", "group": 16},
    {"id": "UmtsHI2Operations.PTCEncryptionInfo", "group": 16},
    {"id": "UmtsHI2Operations.PTC", "group": 16},
    {"id": "UmtsHI2Operations.AccessPolicyType", "group": 16},
    {"id": "UmtsHI2Operations.AlertIndicator", "group": 16},
    {"id": "UmtsHI2Operations.AssociatePresenceStatus", "group": 16},
    {"id": "UmtsHI2Operations.PresenceType", "group": 16},
    {"id": "UmtsHI2Operations.Emergency", "group": 16},
    {"id": "UmtsHI2Operations.EmergencyGroupState", "group": 16},
    {"id": "UmtsHI2Operations.PTCType", "group": 16},
    {"id": "UmtsHI2Operations.FloorActivity", "group": 16},
    {"id": "UmtsHI2Operations.GroupAuthRule", "group": 16},
    {"id": "UmtsHI2Operations.ImminentPerilInd", "group": 16},
    {"id": "UmtsHI2Operations.ImplicitFloorReq", "group": 16},
    {"id": "UmtsHI2Operations.InitiationCause", "group": 16},
    {"id": "UmtsHI2Operations.IPADirection", "group": 16},
    {"id": "UmtsHI2Operations.ListManagementAction", "group": 16},
    {"id": "UmtsHI2Operations.ListManagementType", "group": 16},
    {"id": "UmtsHI2Operations.Priority-Level", "group": 16},
    {"id": "UmtsHI2Operations.PreEstStatus", "group": 16},
    {"id": "UmtsHI2Operations.PTCAddress", "group": 16},
    {"id": "UmtsHI2Operations.RegistrationRequest", "group": 16},
    {"id": "UmtsHI2Operations.RegistrationOutcome", "group": 16},
    {"id": "UmtsHI2Operations.RTPSetting", "group": 16},
    {"id": "UmtsHI2Operations.Port-Number", "group": 16},
    {"id": "UmtsHI2Operations.TalkburstControlSetting", "group": 16},
    {"id": "UmtsHI2Operations.Talk-burst-reason-code", "group": 16}
  ],
  "links": [
    {"source": "HI2Operations.sending-of-IRI", "target": "HI2Operations.IRIsContent", "value": 1},
    {"source": "HI2Operations.sending-of-IRI", "target": "Remote-Operations-Information-Objects.OPERATION", "value": 1},
    {"source": "TETRA-HI1NotificationOperations.missing-parameter", "target": "Remote-Operations-Information-Objects.ERROR", "value": 1},
    {"source": "TETRA-HI2Operations.Network-Identifier", "target": "TETRA-HI2Operations.Network-Element-Identifier", "value": 1},
    {"source": "TETRA-HI1NotificationOperations.hi1OperationId", "target": "TETRA-HI1NotificationOperations.tETRADomainId", "value": 1},
    {"source": "HI2Operations.IRISequence", "target": "HI2Operations.IRIContent", "value": 1},
    {"source": "TETRA-HI2Operations.OperationErrors", "target": "TETRA-HI2Operations.missing-parameter", "value": 1},
    {"source": "TETRA-HI2Operations.OperationErrors", "target": "TETRA-HI2Operations.unknown-parameter-value", "value": 1},
    {"source": "TETRA-HI2Operations.OperationErrors", "target": "TETRA-HI2Operations.unknown-version", "value": 1},
    {"source": "TETRA-HI2Operations.OperationErrors", "target": "TETRA-HI2Operations.unknown-parameter", "value": 1},
    {"source": "TETRA-HI2Operations.OperationErrors", "target": "Remote-Operations-Information-Objects.ERROR", "value": 1},
    {"source": "UmtsHI2Operations.PacketDataHeaderCopy", "target": "UmtsHI2Operations.TPDU-direction", "value": 1},
    {"source": "UmtsHI2Operations.GA-Point", "target": "UmtsHI2Operations.GeographicalCoordinates", "value": 1},
    {"source": "HI2Operations.TimeStamp", "target": "HI2Operations.LocalTimeStamp", "value": 1},
    {"source": "HI2Operations.unknown-version", "target": "Remote-Operations-Information-Objects.ERROR", "value": 1},
    {"source": "HI2Operations.IRIContent", "target": "HI2Operations.IRI-Parameters", "value": 1},
    {"source": "TETRA-HI2Operations.TetraIRIContent", "target": "TETRA-HI2Operations.Tetra-IRI-Parameters", "value": 1},
    {"source": "UmtsHI2Operations.PANI-Location", "target": "UmtsHI2Operations.Location", "value": 1},
    {"source": "HI2Operations.GA-Polygon", "target": "HI2Operations.GeographicalCoordinates", "value": 1},
    {"source": "HI2Operations.GA-Polygon", "target": "HI2Operations.maxNrOfPoints", "value": 1},
    {"source": "Remote-Operations-Information-Objects.OPERATION", "target": "Remote-Operations-Information-Objects.Priority", "value": 1},
    {"source": "Remote-Operations-Information-Objects.OPERATION", "target": "Remote-Operations-Information-Objects.Code", "value": 1},
    {"source": "Remote-Operations-Information-Objects.OPERATION", "target": "Remote-Operations-Information-Objects.OPERATION", "value": 1},
    {"source": "Remote-Operations-Information-Objects.OPERATION", "target": "Remote-Operations-Information-Objects.ERROR", "value": 1},
    {"source": "TETRA-HI2Operations.CallContentLinkCharacteristics", "target": "TETRA-HI2Operations.CalledPartyNumber", "value": 1},
    {"source": "TETRA-HI2Operations.CallContentLinkCharacteristics", "target": "TETRA-HI2Operations.CCLink-State", "value": 1},
    {"source": "TETRA-HI2Operations.CallContentLinkCharacteristics", "target": "TETRA-HI2Operations.TimeStamp", "value": 1},
    {"source": "PCESP.SubjectSignal", "target": "PCESP.EventTime", "value": 1},
    {"source": "PCESP.SubjectSignal", "target": "PCESP.PartyId", "value": 1},
    {"source": "PCESP.SubjectSignal", "target": "PCESP.CallId", "value": 1},
    {"source": "PCESP.SubjectSignal", "target": "PCESP.AccessingElementId", "value": 1},
    {"source": "PCESP.SubjectSignal", "target": "PCESP.CaseId", "value": 1},
    {"source": "HI2Operations.Network-Element-Identifier", "target": "HI2Operations.IPAddress", "value": 1},
    {"source": "TETRA-HI2Operations.DataNodeAddress", "target": "TETRA-HI2Operations.X25Address", "value": 1},
    {"source": "TETRA-HI2Operations.DataNodeAddress", "target": "TETRA-HI2Operations.IPAddress", "value": 1},
    {"source": "HI2Operations.Services-Information", "target": "HI2Operations.DSS1-parameters-codeset-0", "value": 1},
    {"source": "HI2Operations.Services-Information", "target": "HI2Operations.ISUP-parameters", "value": 1},
    {"source": "HI2Operations.Services-Information", "target": "HI2Operations.MAP-parameters", "value": 1},
    {"source": "TETRA-HI1NotificationOperations.erroneous-parameter", "target": "Remote-Operations-Information-Objects.ERROR", "value": 1},
    {"source": "PCESP.Redirection", "target": "PCESP.EventTime", "value": 1},
    {"source": "PCESP.Redirection", "target": "PCESP.AccessingElementId", "value": 1},
    {"source": "PCESP.Redirection", "target": "PCESP.PartyId", "value": 1},
    {"source": "PCESP.Redirection", "target": "PCESP.CallId", "value": 1},
    {"source": "PCESP.Redirection", "target": "PCESP.TransitCarrierId", "value": 1},
    {"source": "PCESP.Redirection", "target": "PCESP.CaseId", "value": 1},
    {"source": "HIManagementOperations.missing-parameter", "target": "Remote-Operations-Information-Objects.ERROR", "value": 1},
    {"source": "TETRA-HI2Operations.Location", "target": "TETRA-HI2Operations.UMTSLocation", "value": 1},
    {"source": "TETRA-HI2Operations.Location", "target": "TETRA-HI2Operations.GSMLocation", "value": 1},
    {"source": "TETRA-HI2Operations.Location", "target": "TETRA-HI2Operations.TetraLocation", "value": 1},
    {"source": "PCESP.TerminationAttempt", "target": "PCESP.EventTime", "value": 1},
    {"source": "PCESP.TerminationAttempt", "target": "PCESP.RedirectedFromInfo", "value": 1},
    {"source": "PCESP.TerminationAttempt", "target": "PCESP.AccessingElementId", "value": 1},
    {"source": "PCESP.TerminationAttempt", "target": "PCESP.PartyId", "value": 1},
    {"source": "PCESP.TerminationAttempt", "target": "PCESP.CallId", "value": 1},
    {"source": "PCESP.TerminationAttempt", "target": "PCESP.CaseId", "value": 1},
    {"source": "HI1NotificationOperations.sending-of-HI1-Notification", "target": "HI1NotificationOperations.HI1-Operation", "value": 1},
    {"source": "HI1NotificationOperations.sending-of-HI1-Notification", "target": "Remote-Operations-Information-Objects.OPERATION", "value": 1},
    {"source": "HI2Operations.Location", "target": "HI2Operations.UMTSLocation", "value": 1},
    {"source": "HI2Operations.Location", "target": "HI2Operations.TetraLocation", "value": 1},
    {"source": "HI2Operations.Location", "target": "HI2Operations.GSMLocation", "value": 1},
    {"source": "HI1NotificationOperations.hi1NotificationOperationsId", "target": "HI1NotificationOperations.lawfulInterceptDomainId", "value": 1},
    {"source": "TETRA-HI2Operations.unknown-parameter-value", "target": "Remote-Operations-Information-Objects.ERROR", "value": 1},
    {"source": "HI3CircuitDataOperations.circuit-Call-related-Services", "target": "HI3CircuitDataOperations.Content-Report", "value": 1},
    {"source": "HI3CircuitDataOperations.circuit-Call-related-Services", "target": "Remote-Operations-Information-Objects.OPERATION", "value": 1},
    {"source": "HI2Operations.GSMLocation", "target": "HI2Operations.MapDatum", "value": 1},
    {"source": "TETRA-HI2Operations.SMS-report", "target": "TETRA-HI2Operations.CommunicationIdentifier", "value": 1},
    {"source": "TETRA-HI2Operations.SMS-report", "target": "TETRA-HI2Operations.TimeStamp", "value": 1},
    {"source": "HI2Operations.GA-PointWithUnCertainty", "target": "HI2Operations.GeographicalCoordinates", "value": 1},
    {"source": "PCESP.ConferencePartyChange", "target": "PCESP.EventTime", "value": 1},
    {"source": "PCESP.ConferencePartyChange", "target": "PCESP.CCCId", "value": 1},
    {"source": "PCESP.ConferencePartyChange", "target": "PCESP.AccessingElementId", "value": 1},
    {"source": "PCESP.ConferencePartyChange", "target": "PCESP.PartyId", "value": 1},
    {"source": "PCESP.ConferencePartyChange", "target": "PCESP.CallId", "value": 1},
    {"source": "PCESP.ConferencePartyChange", "target": "PCESP.CaseId", "value": 1},
    {"source": "UmtsHI2Operations.Services-Data-Information", "target": "UmtsHI2Operations.GPRS-parameters", "value": 1},
    {"source": "HI3CircuitDataOperations.hi3CircuitLIOperationId", "target": "HI3CircuitDataOperations.hi3CircuitLIId", "value": 1},
    {"source": "HI2Operations.IRI-Parameters", "target": "UmtsHI2Operations.IMSevent", "value": 1},
    {"source": "HI2Operations.IRI-Parameters", "target": "HI2Operations.CC-Link-Identifier", "value": 1},
    {"source": "HI2Operations.IRI-Parameters", "target": "EN301040.CTTRAFFICind", "value": 1},
    {"source": "HI2Operations.IRI-Parameters", "target": "UmtsHI2Operations.LDIevent", "value": 1},
    {"source": "HI2Operations.IRI-Parameters", "target": "HI2Operations.DataNodeAddress", "value": 1},
    {"source": "HI2Operations.IRI-Parameters", "target": "HI2Operations.SMS-report", "value": 1},
    {"source": "HI2Operations.IRI-Parameters", "target": "HI2Operations.TimeStamp", "value": 1},
    {"source": "HI2Operations.IRI-Parameters", "target": "HI2Operations.LawfulInterceptionIdentifier", "value": 1},
    {"source": "HI2Operations.IRI-Parameters", "target": "HI2Operations.PartyInformation", "value": 1},
    {"source": "HI2Operations.IRI-Parameters", "target": "HI2Operations.Network-Identifier", "value": 1},
    {"source": "HI2Operations.IRI-Parameters", "target": "TS101909201.TARGETACTIVITYMONITOR-1", "value": 1},
    {"source": "HI2Operations.IRI-Parameters", "target": "HI2Operations.CallContentLinkCharacteristics", "value": 1},
    {"source": "HI2Operations.IRI-Parameters", "target": "HI2Operations.Intercepted-Call-State", "value": 1},
    {"source": "HI2Operations.IRI-Parameters", "target": "HI2Operations.Network-Element-Identifier", "value": 1},
    {"source": "HI2Operations.IRI-Parameters", "target": "EN301040.TTRAFFICind", "value": 1},
    {"source": "HI2Operations.IRI-Parameters", "target": "HI2Operations.hi2OperationId", "value": 1},
    {"source": "HI2Operations.IRI-Parameters", "target": "EN301040.TARGETACTIVITYMONITORind", "value": 1},
    {"source": "HI2Operations.IRI-Parameters", "target": "HI2Operations.Location", "value": 1},
    {"source": "HI2Operations.IRI-Parameters", "target": "UmtsHI2Operations.UmtsQos", "value": 1},
    {"source": "HI2Operations.IRI-Parameters", "target": "HI2Operations.CommunicationIdentifier", "value": 1},
    {"source": "HI2Operations.IRI-Parameters", "target": "HI2Operations.National-HI2-ASN1parameters", "value": 1},
    {"source": "HI2Operations.IRI-Parameters", "target": "EN301040.TARGETCOMMSMONITORind", "value": 1},
    {"source": "HI2Operations.IRI-Parameters", "target": "HI2Operations.GPRSCorrelationNumber", "value": 1},
    {"source": "HI2Operations.IRI-Parameters", "target": "UmtsHI2Operations.CorrelationValues", "value": 1},
    {"source": "HI2Operations.IRI-Parameters", "target": "HI2Operations.GPRSEvent", "value": 1},
    {"source": "HI2Operations.IRI-Parameters", "target": "HI2Operations.National-Parameters", "value": 1},
    {"source": "HI2Operations.IRI-Parameters", "target": "HI2Operations.GPRSOperationErrorCode", "value": 1},
    {"source": "HI1NotificationOperations.ErrorHI1Notifications", "target": "HI1NotificationOperations.missing-parameter", "value": 1},
    {"source": "HI1NotificationOperations.ErrorHI1Notifications", "target": "HI1NotificationOperations.other-failure-causes", "value": 1},
    {"source": "HI1NotificationOperations.ErrorHI1Notifications", "target": "HI1NotificationOperations.unknown-parameter", "value": 1},
    {"source": "HI1NotificationOperations.ErrorHI1Notifications", "target": "HI1NotificationOperations.erroneous-parameter", "value": 1},
    {"source": "HI1NotificationOperations.ErrorHI1Notifications", "target": "Remote-Operations-Information-Objects.ERROR", "value": 1},
    {"source": "UmtsHI2Operations.PacketFlowSummary", "target": "UmtsHI2Operations.ReportInterval", "value": 1},
    {"source": "UmtsHI2Operations.PacketFlowSummary", "target": "UmtsHI2Operations.ReportReason", "value": 1},
    {"source": "UmtsHI2Operations.PacketFlowSummary", "target": "HI2Operations.IPAddress", "value": 1},
    {"source": "TETRA-HI1NotificationOperations.ErrorHI1Notifications", "target": "TETRA-HI1NotificationOperations.unknown-parameter", "value": 1},
    {"source": "TETRA-HI1NotificationOperations.ErrorHI1Notifications", "target": "TETRA-HI1NotificationOperations.erroneous-parameter", "value": 1},
    {"source": "TETRA-HI1NotificationOperations.ErrorHI1Notifications", "target": "TETRA-HI1NotificationOperations.other-failure-causes", "value": 1},
    {"source": "TETRA-HI1NotificationOperations.ErrorHI1Notifications", "target": "TETRA-HI1NotificationOperations.missing-parameter", "value": 1},
    {"source": "TETRA-HI1NotificationOperations.ErrorHI1Notifications", "target": "Remote-Operations-Information-Objects.ERROR", "value": 1},
    {"source": "EN301040.LIMODIFYreq", "target": "EN301040.ActivityType", "value": 1},
    {"source": "EN301040.LIMODIFYreq", "target": "EN301040.TLIIdType", "value": 1},
    {"source": "HI2Operations.missing-parameter", "target": "Remote-Operations-Information-Objects.ERROR", "value": 1},
    {"source": "Gprs-HI3-PS.hi3GPRSLIIdOperationId", "target": "Gprs-HI3-PS.hi3GPRSLIId", "value": 1},
    {"source": "Remote-Operations-Information-Objects.emptyBind", "target": "Remote-Operations-Information-Objects.OPERATION", "value": 1},
    {"source": "TETRA-HI2Operations.Tetra-IRI-Parameters", "target": "TETRA-HI2Operations.PartyInformation", "value": 1},
    {"source": "TETRA-HI2Operations.Tetra-IRI-Parameters", "target": "UmtsHI2Operations.IMSevent", "value": 1},
    {"source": "TETRA-HI2Operations.Tetra-IRI-Parameters", "target": "TETRA-HI2Operations.TxGrantedStatus", "value": 1},
    {"source": "TETRA-HI2Operations.Tetra-IRI-Parameters", "target": "TETRA-HI2Operations.hi2OperationId", "value": 1},
    {"source": "TETRA-HI2Operations.Tetra-IRI-Parameters", "target": "TETRA-HI2Operations.SMS-report", "value": 1},
    {"source": "TETRA-HI2Operations.Tetra-IRI-Parameters", "target": "TETRA-HI2Operations.GPRSOperationErrorCode", "value": 1},
    {"source": "TETRA-HI2Operations.Tetra-IRI-Parameters", "target": "UmtsHI2Operations.LDIevent", "value": 1},
    {"source": "TETRA-HI2Operations.Tetra-IRI-Parameters", "target": "TETRA-HI2Operations.Intercepted-Call-State", "value": 1},
    {"source": "TETRA-HI2Operations.Tetra-IRI-Parameters", "target": "EN301040.CTTRAFFICind", "value": 1},
    {"source": "TETRA-HI2Operations.Tetra-IRI-Parameters", "target": "TETRA-HI2Operations.TETRA-LI-Event", "value": 1},
    {"source": "TETRA-HI2Operations.Tetra-IRI-Parameters", "target": "TETRA-HI2Operations.GroupStatus", "value": 1},
    {"source": "TETRA-HI2Operations.Tetra-IRI-Parameters", "target": "TS101909201.TARGETACTIVITYMONITOR-1", "value": 1},
    {"source": "TETRA-HI2Operations.Tetra-IRI-Parameters", "target": "TETRA-HI2Operations.National-Parameters", "value": 1},
    {"source": "TETRA-HI2Operations.Tetra-IRI-Parameters", "target": "TETRA-HI2Operations.GPRSEvent", "value": 1},
    {"source": "TETRA-HI2Operations.Tetra-IRI-Parameters", "target": "TETRA-HI2Operations.LawfulInterceptionIdentifier", "value": 1},
    {"source": "TETRA-HI2Operations.Tetra-IRI-Parameters", "target": "TETRA-HI2Operations.CallContentLinkCharacteristics", "value": 1},
    {"source": "TETRA-HI2Operations.Tetra-IRI-Parameters", "target": "TETRA-HI2Operations.TimeStamp", "value": 1},
    {"source": "TETRA-HI2Operations.Tetra-IRI-Parameters", "target": "TETRA-HI2Operations.CC-Link-Identifier", "value": 1},
    {"source": "TETRA-HI2Operations.Tetra-IRI-Parameters", "target": "TETRA-HI2Operations.GPRSCorrelationNumber", "value": 1},
    {"source": "TETRA-HI2Operations.Tetra-IRI-Parameters", "target": "EN301040.TTRAFFICind", "value": 1},
    {"source": "TETRA-HI2Operations.Tetra-IRI-Parameters", "target": "TETRA-HI2Operations.DataNodeAddress", "value": 1},
    {"source": "TETRA-HI2Operations.Tetra-IRI-Parameters", "target": "EN301040.TARGETACTIVITYMONITORind", "value": 1},
    {"source": "TETRA-HI2Operations.Tetra-IRI-Parameters", "target": "TETRA-HI2Operations.Location", "value": 1},
    {"source": "TETRA-HI2Operations.Tetra-IRI-Parameters", "target": "EN301040.TETRAAddressType", "value": 1},
    {"source": "TETRA-HI2Operations.Tetra-IRI-Parameters", "target": "TETRA-HI2Operations.National-HI2-ASN1parameters", "value": 1},
    {"source": "TETRA-HI2Operations.Tetra-IRI-Parameters", "target": "TETRA-HI2Operations.CommunicationIdentifier", "value": 1},
    {"source": "TETRA-HI2Operations.Tetra-IRI-Parameters", "target": "EN301040.TARGETCOMMSMONITORind", "value": 1},
    {"source": "TETRA-HI2Operations.Tetra-IRI-Parameters", "target": "UmtsHI2Operations.CorrelationValues", "value": 1},
    {"source": "TETRA-HI2Operations.Tetra-IRI-Parameters", "target": "TETRA-HI2Operations.DMO-Indicator", "value": 1},
    {"source": "TETRA-HI2Operations.Tetra-IRI-Parameters", "target": "UmtsHI2Operations.UmtsQos", "value": 1},
    {"source": "TETRA-HI2Operations.Tetra-IRI-Parameters", "target": "TETRA-HI2Operations.Network-Identifier", "value": 1},
    {"source": "PCESP.CCOpen", "target": "PCESP.EventTime", "value": 1},
    {"source": "PCESP.CCOpen", "target": "PCESP.CaseId", "value": 1},
    {"source": "PCESP.CCOpen", "target": "PCESP.CCCId", "value": 1},
    {"source": "PCESP.CCOpen", "target": "PCESP.SDP", "value": 1},
    {"source": "PCESP.CCOpen", "target": "PCESP.CallId", "value": 1},
    {"source": "PCESP.CCOpen", "target": "PCESP.FlowDirection", "value": 1},
    {"source": "PCESP.CCOpen", "target": "PCESP.AccessingElementId", "value": 1},
    {"source": "HIManagementOperations.himDomainId", "target": "HIManagementOperations.lawfulInterceptDomainId", "value": 1},
    {"source": "HIManagementOperations.erroneous-parameter", "target": "Remote-Operations-Information-Objects.ERROR", "value": 1},
    {"source": "TETRA-HI2Operations.GSMLocation", "target": "TETRA-HI2Operations.MapDatum", "value": 1},
    {"source": "EN301040.TETRAAddressType", "target": "EN301040.TSIType", "value": 1},
    {"source": "EN301040.TETRAAddressType", "target": "EN301040.TEIType", "value": 1},
    {"source": "UmtsHI2Operations.CivicAddress", "target": "UmtsHI2Operations.DetailedCivicAddress", "value": 1},
    {"source": "UmtsHI2Operations.CivicAddress", "target": "UmtsHI2Operations.XmlCivicAddress", "value": 1},
    {"source": "HI1NotificationOperations.unknown-parameter", "target": "Remote-Operations-Information-Objects.ERROR", "value": 1},
    {"source": "HI3CircuitDataOperations.no-Circuit-Call-related-Services", "target": "HI3CircuitDataOperations.Content-Report", "value": 1},
    {"source": "HI3CircuitDataOperations.no-Circuit-Call-related-Services", "target": "Remote-Operations-Information-Objects.OPERATION", "value": 1},
    {"source": "EN301040.TARGETCOMMSMONITORind", "target": "EN301040.CircuitIdType", "value": 1},
    {"source": "EN301040.TARGETCOMMSMONITORind", "target": "EN301040.AddressType", "value": 1},
    {"source": "EN301040.TARGETCOMMSMONITORind", "target": "EN301040.LocationType", "value": 1},
    {"source": "EN301040.TARGETCOMMSMONITORind", "target": "EN301040.TLIIdType", "value": 1},
    {"source": "HIManagementOperations.ErrorsHim", "target": "HIManagementOperations.missing-parameter", "value": 1},
    {"source": "HIManagementOperations.ErrorsHim", "target": "HIManagementOperations.other-failure-causes", "value": 1},
    {"source": "HIManagementOperations.ErrorsHim", "target": "HIManagementOperations.unknown-parameter", "value": 1},
    {"source": "HIManagementOperations.ErrorsHim", "target": "HIManagementOperations.erroneous-parameter", "value": 1},
    {"source": "HIManagementOperations.ErrorsHim", "target": "Remote-Operations-Information-Objects.ERROR", "value": 1},
    {"source": "PCESP.Release", "target": "PCESP.EventTime", "value": 1},
    {"source": "PCESP.Release", "target": "PCESP.CallId", "value": 1},
    {"source": "PCESP.Release", "target": "PCESP.AccessingElementId", "value": 1},
    {"source": "PCESP.Release", "target": "PCESP.CaseId", "value": 1},
    {"source": "PCESP.Message", "target": "PCESP.DialedDigitExtraction", "value": 1},
    {"source": "PCESP.Message", "target": "PCESP.NetworkSignal", "value": 1},
    {"source": "PCESP.Message", "target": "PCESP.CCOpen", "value": 1},
    {"source": "PCESP.Message", "target": "PCESP.Redirection", "value": 1},
    {"source": "PCESP.Message", "target": "PCESP.Origination", "value": 1},
    {"source": "PCESP.Message", "target": "PCESP.ServiceInstance", "value": 1},
    {"source": "PCESP.Message", "target": "PCESP.MediaReport", "value": 1},
    {"source": "PCESP.Message", "target": "PCESP.SubjectSignal", "value": 1},
    {"source": "PCESP.Message", "target": "PCESP.CCChange", "value": 1},
    {"source": "PCESP.Message", "target": "PCESP.Answer", "value": 1},
    {"source": "PCESP.Message", "target": "PCESP.ConferencePartyChange", "value": 1},
    {"source": "PCESP.Message", "target": "PCESP.CCClose", "value": 1},
    {"source": "PCESP.Message", "target": "PCESP.TerminationAttempt", "value": 1},
    {"source": "PCESP.Message", "target": "PCESP.Release", "value": 1},
    {"source": "HI2Operations.CallContentLinkCharacteristics", "target": "HI2Operations.TimeStamp", "value": 1},
    {"source": "HI2Operations.CallContentLinkCharacteristics", "target": "HI2Operations.CCLink-State", "value": 1},
    {"source": "HI2Operations.CallContentLinkCharacteristics", "target": "HI2Operations.CalledPartyNumber", "value": 1},
    {"source": "EN301040.LIMODIFYconf", "target": "EN301040.TLIIdType", "value": 1},
    {"source": "Remote-Operations-Information-Objects.OPERATION-PACKAGE", "target": "Remote-Operations-Information-Objects.OPERATION", "value": 1},
    {"source": "EN301040.TETRACGIType", "target": "EN301040.MNCType", "value": 1},
    {"source": "EN301040.TETRACGIType", "target": "EN301040.CellIdType", "value": 1},
    {"source": "EN301040.TETRACGIType", "target": "EN301040.LocationAreaType", "value": 1},
    {"source": "EN301040.TETRACGIType", "target": "EN301040.MCCType", "value": 1},
    {"source": "Gprs-HI3-PS.hi3GPRSLIId", "target": "Gprs-HI3-PS.lawfulInterceptDomainId", "value": 1},
    {"source": "UmtsHI2Operations.hi2DomainId", "target": "UmtsHI2Operations.threeGPPSUBDomainId", "value": 1},
    {"source": "TETRA-HIManagementOperations.unknown-parameter", "target": "Remote-Operations-Information-Objects.ERROR", "value": 1},
    {"source": "HI2Operations.SMS-report", "target": "HI2Operations.TimeStamp", "value": 1},
    {"source": "HI2Operations.SMS-report", "target": "HI2Operations.CommunicationIdentifier", "value": 1},
    {"source": "TETRA-HI1NotificationOperations.other-failure-causes", "target": "Remote-Operations-Information-Objects.ERROR", "value": 1},
    {"source": "TETRA-HI2Operations.TetraIRISequence", "target": "TETRA-HI2Operations.TetraIRIContent", "value": 1},
    {"source": "UmtsHI2Operations.PacketDataHeaderInformation", "target": "UmtsHI2Operations.PacketDataSummaryReport", "value": 1},
    {"source": "UmtsHI2Operations.PacketDataHeaderInformation", "target": "UmtsHI2Operations.PacketDataHeaderReport", "value": 1},
    {"source": "TETRA-HIManagementOperations.tETRADomainId", "target": "TETRA-HIManagementOperations.lawfulInterceptDomainId", "value": 1},
    {"source": "HI2Operations.Network-Identifier", "target": "HI2Operations.Network-Element-Identifier", "value": 1},
    {"source": "UmtsHI2Operations.IMS-VoIP-Correlation", "target": "UmtsHI2Operations.IRI-to-IRI-Correlation", "value": 1},
    {"source": "UmtsHI2Operations.IMS-VoIP-Correlation", "target": "UmtsHI2Operations.IRI-to-CC-Correlation", "value": 1},
    {"source": "UmtsHI2Operations.PacketDataHeaderReport", "target": "UmtsHI2Operations.PacketDataHeaderMapped", "value": 1},
    {"source": "UmtsHI2Operations.PacketDataHeaderReport", "target": "UmtsHI2Operations.PacketDataHeaderCopy", "value": 1},
    {"source": "PCESP.Answer", "target": "PCESP.EventTime", "value": 1},
    {"source": "PCESP.Answer", "target": "PCESP.PartyId", "value": 1},
    {"source": "PCESP.Answer", "target": "PCESP.CallId", "value": 1},
    {"source": "PCESP.Answer", "target": "PCESP.AccessingElementId", "value": 1},
    {"source": "PCESP.Answer", "target": "PCESP.CaseId", "value": 1},
    {"source": "TETRA-HI2Operations.Services-Data-Information", "target": "TETRA-HI2Operations.GPRS-parameters", "value": 1},
    {"source": "HI2Operations.hi2OperationId", "target": "HI2Operations.hi2DomainId", "value": 1},
    {"source": "TETRA-HI1NotificationOperations.sending-of-HI1-Notification", "target": "TETRA-HI1NotificationOperations.HI1-Operation", "value": 1},
    {"source": "TETRA-HI1NotificationOperations.sending-of-HI1-Notification", "target": "Remote-Operations-Information-Objects.OPERATION", "value": 1},
    {"source": "HI3CircuitDataOperations.Content-Report", "target": "HI2Operations.LawfulInterceptionIdentifier", "value": 1},
    {"source": "HI3CircuitDataOperations.Content-Report", "target": "HI2Operations.Supplementary-Services", "value": 1},
    {"source": "HI3CircuitDataOperations.Content-Report", "target": "HI2Operations.SMS-report", "value": 1},
    {"source": "HI3CircuitDataOperations.Content-Report", "target": "HI3CircuitDataOperations.hi3CircuitLIOperationId", "value": 1},
    {"source": "HI3CircuitDataOperations.Content-Report", "target": "HI2Operations.TimeStamp", "value": 1},
    {"source": "HI3CircuitDataOperations.Content-Report", "target": "HI2Operations.CommunicationIdentifier", "value": 1},
    {"source": "UmtsHI2Operations.UMTSLocation", "target": "UmtsHI2Operations.GA-PointWithUnCertainty", "value": 1},
    {"source": "UmtsHI2Operations.UMTSLocation", "target": "UmtsHI2Operations.GA-Polygon", "value": 1},
    {"source": "UmtsHI2Operations.UMTSLocation", "target": "UmtsHI2Operations.GA-Point", "value": 1},
    {"source": "TETRA-HI2Operations.GA-Point", "target": "TETRA-HI2Operations.GeographicalCoordinates", "value": 1},
    {"source": "Remote-Operations-Information-Objects.CONNECTION-PACKAGE", "target": "Remote-Operations-Information-Objects.emptyUnbind", "value": 1},
    {"source": "Remote-Operations-Information-Objects.CONNECTION-PACKAGE", "target": "Remote-Operations-Information-Objects.OPERATION", "value": 1},
    {"source": "Remote-Operations-Information-Objects.CONNECTION-PACKAGE", "target": "Remote-Operations-Information-Objects.emptyBind", "value": 1},
    {"source": "TETRA-HI2Operations.IPAddress", "target": "TETRA-HI2Operations.IP-value", "value": 1},
    {"source": "HI2Operations.Standard-Supplementary-Services", "target": "HI2Operations.DSS1-SS-Invoke-Components", "value": 1},
    {"source": "HI2Operations.Standard-Supplementary-Services", "target": "HI2Operations.DSS1-SS-parameters-codeset-4", "value": 1},
    {"source": "HI2Operations.Standard-Supplementary-Services", "target": "HI2Operations.DSS1-SS-parameters-codeset-7", "value": 1},
    {"source": "HI2Operations.Standard-Supplementary-Services", "target": "HI2Operations.ISUP-SS-parameters", "value": 1},
    {"source": "HI2Operations.Standard-Supplementary-Services", "target": "HI2Operations.MAP-SS-Parameters", "value": 1},
    {"source": "HI2Operations.Standard-Supplementary-Services", "target": "HI2Operations.DSS1-SS-parameters-codeset-6", "value": 1},
    {"source": "HI2Operations.Standard-Supplementary-Services", "target": "HI2Operations.MAP-SS-Invoke-Components", "value": 1},
    {"source": "HI2Operations.Standard-Supplementary-Services", "target": "HI2Operations.DSS1-SS-parameters-codeset-0", "value": 1},
    {"source": "HI2Operations.Standard-Supplementary-Services", "target": "HI2Operations.DSS1-SS-parameters-codeset-5", "value": 1},
    {"source": "TETRA-HI2Operations.unknown-parameter", "target": "Remote-Operations-Information-Objects.ERROR", "value": 1},
    {"source": "HIManagementOperations.sending-of-Password", "target": "HIManagementOperations.Password-Name", "value": 1},
    {"source": "HIManagementOperations.sending-of-Password", "target": "Remote-Operations-Information-Objects.OPERATION", "value": 1},
    {"source": "TETRA-HI1NotificationOperations.National-HI1-ASN1parameters", "target": "TETRA-HI1NotificationOperations.hi1OperationId", "value": 1},
    {"source": "TETRA-HI2Operations.Network-Element-Identifier", "target": "TETRA-HI2Operations.IPAddress", "value": 1},
    {"source": "PCESP.CCClose", "target": "PCESP.EventTime", "value": 1},
    {"source": "PCESP.CCClose", "target": "PCESP.FlowDirection", "value": 1},
    {"source": "PCESP.CCClose", "target": "PCESP.CCCId", "value": 1},
    {"source": "PCESP.CCClose", "target": "PCESP.AccessingElementId", "value": 1},
    {"source": "PCESP.CCClose", "target": "PCESP.CaseId", "value": 1},
    {"source": "HI2Operations.IPAddress", "target": "HI2Operations.IP-value", "value": 1},
    {"source": "TETRA-HI2Operations.GA-Polygon", "target": "TETRA-HI2Operations.maxNrOfPoints", "value": 1},
    {"source": "TETRA-HI2Operations.GA-Polygon", "target": "TETRA-HI2Operations.GeographicalCoordinates", "value": 1},
    {"source": "HI3CCLinkData.UUS1-Content", "target": "HI2Operations.LawfulInterceptionIdentifier", "value": 1},
    {"source": "HI3CCLinkData.UUS1-Content", "target": "HI3CCLinkData.hi3CCLinkIdOperationId", "value": 1},
    {"source": "HI3CCLinkData.UUS1-Content", "target": "HI3CCLinkData.Direction-Indication", "value": 1},
    {"source": "HI3CCLinkData.UUS1-Content", "target": "HI3CCLinkData.Service-Information", "value": 1},
    {"source": "HI3CCLinkData.UUS1-Content", "target": "HI2Operations.CC-Link-Identifier", "value": 1},
    {"source": "HI3CCLinkData.UUS1-Content", "target": "HI2Operations.CommunicationIdentifier", "value": 1},
    {"source": "UmtsHI2Operations.GA-Polygon", "target": "UmtsHI2Operations.maxNrOfPoints", "value": 1},
    {"source": "UmtsHI2Operations.GA-Polygon", "target": "UmtsHI2Operations.GeographicalCoordinates", "value": 1},
    {"source": "UmtsHI2Operations.PANI-Header-Info", "target": "UmtsHI2Operations.PANI-Location", "value": 1},
    {"source": "UmtsHI2Operations.PTC", "target": "UmtsHI2Operations.ImplicitFloorReq", "value": 1},
    {"source": "UmtsHI2Operations.PTC", "target": "UmtsHI2Operations.RegistrationOutcome", "value": 1},
    {"source": "UmtsHI2Operations.PTC", "target": "UmtsHI2Operations.GroupAuthRule", "value": 1},
    {"source": "UmtsHI2Operations.PTC", "target": "UmtsHI2Operations.RTPSetting", "value": 1},
    {"source": "UmtsHI2Operations.PTC", "target": "UmtsHI2Operations.Priority-Level", "value": 1},
    {"source": "UmtsHI2Operations.PTC", "target": "UmtsHI2Operations.TalkburstControlSetting", "value": 1},
    {"source": "UmtsHI2Operations.PTC", "target": "UmtsHI2Operations.RegistrationRequest", "value": 1},
    {"source": "UmtsHI2Operations.PTC", "target": "HI2Operations.TimeStamp", "value": 1},
    {"source": "UmtsHI2Operations.PTC", "target": "UmtsHI2Operations.Talk-burst-reason-code", "value": 1},
    {"source": "UmtsHI2Operations.PTC", "target": "UmtsHI2Operations.FloorActivity", "value": 1},
    {"source": "UmtsHI2Operations.PTC", "target": "UmtsHI2Operations.ListManagementAction", "value": 1},
    {"source": "UmtsHI2Operations.PTC", "target": "UmtsHI2Operations.PTCType", "value": 1},
    {"source": "UmtsHI2Operations.PTC", "target": "UmtsHI2Operations.ListManagementType", "value": 1},
    {"source": "UmtsHI2Operations.PTC", "target": "UmtsHI2Operations.AssociatePresenceStatus", "value": 1},
    {"source": "UmtsHI2Operations.PTC", "target": "UmtsHI2Operations.PTCAddress", "value": 1},
    {"source": "UmtsHI2Operations.PTC", "target": "UmtsHI2Operations.Location", "value": 1},
    {"source": "UmtsHI2Operations.PTC", "target": "UmtsHI2Operations.InitiationCause", "value": 1},
    {"source": "UmtsHI2Operations.PTC", "target": "UmtsHI2Operations.ImminentPerilInd", "value": 1},
    {"source": "UmtsHI2Operations.PTC", "target": "UmtsHI2Operations.AlertIndicator", "value": 1},
    {"source": "UmtsHI2Operations.PTC", "target": "UmtsHI2Operations.EmergencyGroupState", "value": 1},
    {"source": "UmtsHI2Operations.PTC", "target": "UmtsHI2Operations.PreEstStatus", "value": 1},
    {"source": "UmtsHI2Operations.PTC", "target": "UmtsHI2Operations.Emergency", "value": 1},
    {"source": "UmtsHI2Operations.PTC", "target": "UmtsHI2Operations.IPADirection", "value": 1},
    {"source": "UmtsHI2Operations.PTC", "target": "UmtsHI2Operations.AccessPolicyType", "value": 1},
    {"source": "HI1NotificationOperations.erroneous-parameter", "target": "Remote-Operations-Information-Objects.ERROR", "value": 1},
    {"source": "TETRA-HI2Operations.Standard-Supplementary-Services", "target": "TETRA-HI2Operations.DSS1-SS-parameters-codeset-7", "value": 1},
    {"source": "TETRA-HI2Operations.Standard-Supplementary-Services", "target": "TETRA-HI2Operations.DSS1-SS-parameters-codeset-4", "value": 1},
    {"source": "TETRA-HI2Operations.Standard-Supplementary-Services", "target": "TETRA-HI2Operations.DSS1-SS-Invoke-Components", "value": 1},
    {"source": "TETRA-HI2Operations.Standard-Supplementary-Services", "target": "TETRA-HI2Operations.DSS1-SS-parameters-codeset-5", "value": 1},
    {"source": "TETRA-HI2Operations.Standard-Supplementary-Services", "target": "TETRA-HI2Operations.MAP-SS-Invoke-Components", "value": 1},
    {"source": "TETRA-HI2Operations.Standard-Supplementary-Services", "target": "TETRA-HI2Operations.DSS1-SS-parameters-codeset-6", "value": 1},
    {"source": "TETRA-HI2Operations.Standard-Supplementary-Services", "target": "TETRA-HI2Operations.MAP-SS-Parameters", "value": 1},
    {"source": "TETRA-HI2Operations.Standard-Supplementary-Services", "target": "TETRA-HI2Operations.ISUP-SS-parameters", "value": 1},
    {"source": "TETRA-HI2Operations.Standard-Supplementary-Services", "target": "TETRA-HI2Operations.DSS1-SS-parameters-codeset-0", "value": 1},
    {"source": "TETRA-HI2Operations.UMTSLocation", "target": "TETRA-HI2Operations.GA-Polygon", "value": 1},
    {"source": "TETRA-HI2Operations.UMTSLocation", "target": "TETRA-HI2Operations.GA-PointWithUnCertainty", "value": 1},
    {"source": "TETRA-HI2Operations.UMTSLocation", "target": "TETRA-HI2Operations.GA-Point", "value": 1},
    {"source": "UmtsHI2Operations.PacketDataSummaryReport", "target": "UmtsHI2Operations.PacketFlowSummary", "value": 1},
    {"source": "HI1NotificationOperations.Alarm-Indicator", "target": "HI2Operations.LawfulInterceptionIdentifier", "value": 1},
    {"source": "HI1NotificationOperations.Alarm-Indicator", "target": "HI1NotificationOperations.National-HI1-ASN1parameters", "value": 1},
    {"source": "HI1NotificationOperations.Alarm-Indicator", "target": "HI2Operations.CommunicationIdentifier", "value": 1},
    {"source": "HI1NotificationOperations.Alarm-Indicator", "target": "HI1NotificationOperations.hi1OperationId", "value": 1},
    {"source": "HI1NotificationOperations.Alarm-Indicator", "target": "HI2Operations.TimeStamp", "value": 1},
    {"source": "HIManagementOperations.unknown-parameter", "target": "Remote-Operations-Information-Objects.ERROR", "value": 1},
    {"source": "TETRA-HI2Operations.tETRADomainId", "target": "TETRA-HI2Operations.lawfulInterceptDomainId", "value": 1},
    {"source": "UmtsHI2Operations.GPRS-parameters", "target": "HI2Operations.DataNodeAddress", "value": 1},
    {"source": "PCESP.ServiceInstance", "target": "PCESP.EventTime", "value": 1},
    {"source": "PCESP.ServiceInstance", "target": "PCESP.AccessingElementId", "value": 1},
    {"source": "PCESP.ServiceInstance", "target": "PCESP.PartyId", "value": 1},
    {"source": "PCESP.ServiceInstance", "target": "PCESP.CallId", "value": 1},
    {"source": "PCESP.ServiceInstance", "target": "PCESP.CaseId", "value": 1},
    {"source": "UmtsHI2Operations.MediaDecryption-info", "target": "UmtsHI2Operations.CCKeyInfo", "value": 1},
    {"source": "TETRA-HI2Operations.Non-Standard-Supplementary-Services", "target": "TETRA-HI2Operations.SciDataMode", "value": 1},
    {"source": "TETRA-HI2Operations.Non-Standard-Supplementary-Services", "target": "TETRA-HI2Operations.SimpleIndication", "value": 1},
    {"source": "TETRA-HI2Operations.CommunicationIdentifier", "target": "TETRA-HI2Operations.Network-Identifier", "value": 1},
    {"source": "PCESP.NetworkSignal", "target": "PCESP.EventTime", "value": 1},
    {"source": "PCESP.NetworkSignal", "target": "PCESP.TerminalDisplayInfo", "value": 1},
    {"source": "PCESP.NetworkSignal", "target": "PCESP.AccessingElementId", "value": 1},
    {"source": "PCESP.NetworkSignal", "target": "PCESP.AudibleSignal", "value": 1},
    {"source": "PCESP.NetworkSignal", "target": "PCESP.PartyId", "value": 1},
    {"source": "PCESP.NetworkSignal", "target": "PCESP.CallId", "value": 1},
    {"source": "PCESP.NetworkSignal", "target": "PCESP.AlertingSignal", "value": 1},
    {"source": "PCESP.NetworkSignal", "target": "PCESP.CaseId", "value": 1},
    {"source": "HI3CCLinkData.hi3CCLinkIdOperationId", "target": "HI3CCLinkData.hi3CCLinkId", "value": 1},
    {"source": "TETRA-HIManagementOperations.ErrorsHim", "target": "TETRA-HIManagementOperations.erroneous-parameter", "value": 1},
    {"source": "TETRA-HIManagementOperations.ErrorsHim", "target": "TETRA-HIManagementOperations.unknown-parameter", "value": 1},
    {"source": "TETRA-HIManagementOperations.ErrorsHim", "target": "TETRA-HIManagementOperations.other-failure-causes", "value": 1},
    {"source": "TETRA-HIManagementOperations.ErrorsHim", "target": "TETRA-HIManagementOperations.missing-parameter", "value": 1},
    {"source": "TETRA-HIManagementOperations.ErrorsHim", "target": "Remote-Operations-Information-Objects.ERROR", "value": 1},
    {"source": "HI2Operations.hi2DomainId", "target": "HI2Operations.lawfulInterceptDomainId", "value": 1},
    {"source": "PCESP.MediaReport", "target": "PCESP.EventTime", "value": 1},
    {"source": "PCESP.MediaReport", "target": "PCESP.AccessingElementId", "value": 1},
    {"source": "PCESP.MediaReport", "target": "PCESP.SDP", "value": 1},
    {"source": "PCESP.MediaReport", "target": "PCESP.CallId", "value": 1},
    {"source": "PCESP.MediaReport", "target": "PCESP.CaseId", "value": 1},
    {"source": "EN301040.CTTRAFFICind", "target": "EN301040.TLIIdType", "value": 1},
    {"source": "Umts-HI3-PS.CC-PDU", "target": "Umts-HI3-PS.ULIC-header", "value": 1},
    {"source": "UmtsHI2Operations.IRI-Parameters", "target": "UmtsHI2Operations.IMSevent", "value": 1},
    {"source": "UmtsHI2Operations.IRI-Parameters", "target": "UmtsHI2Operations.PartyInformation", "value": 1},
    {"source": "UmtsHI2Operations.IRI-Parameters", "target": "UmtsHI2Operations.SMS-report", "value": 1},
    {"source": "UmtsHI2Operations.IRI-Parameters", "target": "UmtsHI2Operations.LDIevent", "value": 1},
    {"source": "UmtsHI2Operations.IRI-Parameters", "target": "HI2Operations.DataNodeAddress", "value": 1},
    {"source": "UmtsHI2Operations.IRI-Parameters", "target": "HI2Operations.TimeStamp", "value": 1},
    {"source": "UmtsHI2Operations.IRI-Parameters", "target": "UmtsHI2Operations.PacketDataHeaderInformation", "value": 1},
    {"source": "UmtsHI2Operations.IRI-Parameters", "target": "HI2Operations.LawfulInterceptionIdentifier", "value": 1},
    {"source": "UmtsHI2Operations.IRI-Parameters", "target": "UmtsHI2Operations.PTCEncryptionInfo", "value": 1},
    {"source": "UmtsHI2Operations.IRI-Parameters", "target": "HI2Operations.Network-Identifier", "value": 1},
    {"source": "UmtsHI2Operations.IRI-Parameters", "target": "UmtsHI2Operations.MediaDecryption-info", "value": 1},
    {"source": "UmtsHI2Operations.IRI-Parameters", "target": "UmtsHI2Operations.GPRSEvent", "value": 1},
    {"source": "UmtsHI2Operations.IRI-Parameters", "target": "UmtsHI2Operations.IMS-VoIP-Correlation", "value": 1},
    {"source": "UmtsHI2Operations.IRI-Parameters", "target": "UmtsHI2Operations.PANI-Header-Info", "value": 1},
    {"source": "UmtsHI2Operations.IRI-Parameters", "target": "UmtsHI2Operations.PTC", "value": 1},
    {"source": "UmtsHI2Operations.IRI-Parameters", "target": "UmtsHI2Operations.ExtendedLocParameters", "value": 1},
    {"source": "UmtsHI2Operations.IRI-Parameters", "target": "UmtsHI2Operations.Requesting-Node-Type", "value": 1},
    {"source": "UmtsHI2Operations.IRI-Parameters", "target": "UmtsHI2Operations.GPRSOperationErrorCode", "value": 1},
    {"source": "UmtsHI2Operations.IRI-Parameters", "target": "UmtsHI2Operations.Current-Previous-Systems", "value": 1},
    {"source": "UmtsHI2Operations.IRI-Parameters", "target": "UmtsHI2Operations.Location", "value": 1},
    {"source": "UmtsHI2Operations.IRI-Parameters", "target": "UmtsHI2Operations.UmtsQos", "value": 1},
    {"source": "UmtsHI2Operations.IRI-Parameters", "target": "UmtsHI2Operations.GPRSCorrelationNumber", "value": 1},
    {"source": "UmtsHI2Operations.IRI-Parameters", "target": "HI2Operations.National-HI2-ASN1parameters", "value": 1},
    {"source": "UmtsHI2Operations.IRI-Parameters", "target": "UmtsHI2Operations.Change-Of-Target-Identity", "value": 1},
    {"source": "UmtsHI2Operations.IRI-Parameters", "target": "UmtsHI2Operations.LocationErrorCode", "value": 1},
    {"source": "UmtsHI2Operations.IRI-Parameters", "target": "UmtsHI2Operations.CorrelationValues", "value": 1},
    {"source": "UmtsHI2Operations.IRI-Parameters", "target": "UmtsHI2Operations.MediaSecFailureIndication", "value": 1},
    {"source": "UmtsHI2Operations.IRI-Parameters", "target": "HI2Operations.National-Parameters", "value": 1},
    {"source": "UmtsHI2Operations.IRI-Parameters", "target": "UmtsHI2Operations.CSREvent", "value": 1},
    {"source": "UmtsHI2Operations.RTPSetting", "target": "UmtsHI2Operations.Port-Number", "value": 1},
    {"source": "UmtsHI2Operations.RTPSetting", "target": "HI2Operations.IPAddress", "value": 1},
    {"source": "EN301040.LISTATUSind", "target": "EN301040.StatusType", "value": 1},
    {"source": "EN301040.LISTATUSind", "target": "EN301040.TLIIdType", "value": 1},
    {"source": "TETRA-HI2Operations.tetra-sending-of-IRI", "target": "Remote-Operations-Information-Objects.OPERATION", "value": 1},
    {"source": "TETRA-HI2Operations.tetra-sending-of-IRI", "target": "TETRA-HI2Operations.TETRAIRIsContent", "value": 1},
    {"source": "TS101909201.CTTRAFFIC", "target": "TS101909201.LIIDType", "value": 1},
    {"source": "TETRA-HI1NotificationOperations.Alarm-Indicator", "target": "HI2Operations.LawfulInterceptionIdentifier", "value": 1},
    {"source": "TETRA-HI1NotificationOperations.Alarm-Indicator", "target": "TETRA-HI1NotificationOperations.hi1OperationId", "value": 1},
    {"source": "TETRA-HI1NotificationOperations.Alarm-Indicator", "target": "HI2Operations.TimeStamp", "value": 1},
    {"source": "TETRA-HI1NotificationOperations.Alarm-Indicator", "target": "HI2Operations.CommunicationIdentifier", "value": 1},
    {"source": "TETRA-HI1NotificationOperations.Alarm-Indicator", "target": "TETRA-HI1NotificationOperations.National-HI1-ASN1parameters", "value": 1},
    {"source": "UmtsHI2Operations.threeGPPSUBDomainId", "target": "UmtsHI2Operations.lawfulInterceptDomainId", "value": 1},
    {"source": "TETRA-HI1NotificationOperations.tETRADomainId", "target": "TETRA-HI1NotificationOperations.lawfulInterceptDomainId", "value": 1},
    {"source": "HI3CircuitDataOperations.hi3CircuitLIId", "target": "HI3CircuitDataOperations.lawfulInterceptDomainId", "value": 1},
    {"source": "Remote-Operations-Information-Objects.emptyUnbind", "target": "Remote-Operations-Information-Objects.OPERATION", "value": 1},
    {"source": "TETRA-HI1NotificationOperations.unknown-parameter", "target": "Remote-Operations-Information-Objects.ERROR", "value": 1},
    {"source": "UmtsHI2Operations.UmtsIRIsContent", "target": "UmtsHI2Operations.UmtsIRISequence", "value": 1},
    {"source": "UmtsHI2Operations.UmtsIRIsContent", "target": "UmtsHI2Operations.UmtsIRIContent", "value": 1},
    {"source": "HI2Operations.IRIsContent", "target": "HI2Operations.IRISequence", "value": 1},
    {"source": "HI2Operations.IRIsContent", "target": "HI2Operations.IRIContent", "value": 1},
    {"source": "Umts-HI3-PS.ULIC-header", "target": "HI2Operations.LawfulInterceptionIdentifier", "value": 1},
    {"source": "Umts-HI3-PS.ULIC-header", "target": "Umts-HI3-PS.ICE-type", "value": 1},
    {"source": "Umts-HI3-PS.ULIC-header", "target": "Umts-HI3-PS.Version", "value": 1},
    {"source": "Umts-HI3-PS.ULIC-header", "target": "Umts-HI3-PS.National-HI3-ASN1parameters", "value": 1},
    {"source": "Umts-HI3-PS.ULIC-header", "target": "UmtsHI2Operations.GPRSCorrelationNumber", "value": 1},
    {"source": "Umts-HI3-PS.ULIC-header", "target": "Umts-HI3-PS.TPDU-direction", "value": 1},
    {"source": "Umts-HI3-PS.ULIC-header", "target": "HI2Operations.TimeStamp", "value": 1},
    {"source": "TETRA-HI2Operations.PartyInformation", "target": "TETRA-HI2Operations.CallingPartyNumber", "value": 1},
    {"source": "TETRA-HI2Operations.PartyInformation", "target": "TETRA-HI2Operations.Supplementary-Services", "value": 1},
    {"source": "TETRA-HI2Operations.PartyInformation", "target": "TETRA-HI2Operations.CalledPartyNumber", "value": 1},
    {"source": "TETRA-HI2Operations.PartyInformation", "target": "TETRA-HI2Operations.Services-Information", "value": 1},
    {"source": "TETRA-HI2Operations.PartyInformation", "target": "TETRA-HI2Operations.Services-Data-Information", "value": 1},
    {"source": "TETRA-HIManagementOperations.tETRA-end-Of-Connection", "target": "Remote-Operations-Information-Objects.OPERATION", "value": 1},
    {"source": "TS101909201.TARGETACTIVITYMONITOR-1", "target": "TS101909201.UserSignalType", "value": 1},
    {"source": "TS101909201.TARGETACTIVITYMONITOR-1", "target": "TS101909201.LIIDType", "value": 1},
    {"source": "TS101909201.TARGETACTIVITYMONITOR-1", "target": "TS101909201.LocationType", "value": 1},
    {"source": "TS101909201.TARGETACTIVITYMONITOR-1", "target": "TS101909201.IRITransactionType", "value": 1},
    {"source": "TS101909201.TARGETACTIVITYMONITOR-1", "target": "TS101909201.DirectionType", "value": 1},
    {"source": "UmtsHI2Operations.GA-PointWithUnCertainty", "target": "UmtsHI2Operations.GeographicalCoordinates", "value": 1},
    {"source": "HI1NotificationOperations.other-failure-causes", "target": "Remote-Operations-Information-Objects.ERROR", "value": 1},
    {"source": "HIManagementOperations.end-Of-Connection", "target": "Remote-Operations-Information-Objects.OPERATION", "value": 1},
    {"source": "UmtsHI2Operations.GSMLocation", "target": "UmtsHI2Operations.MapDatum", "value": 1},
    {"source": "TETRA-HI2Operations.missing-parameter", "target": "Remote-Operations-Information-Objects.ERROR", "value": 1},
    {"source": "TETRA-HI2Operations.Supplementary-Services", "target": "TETRA-HI2Operations.Non-Standard-Supplementary-Services", "value": 1},
    {"source": "TETRA-HI2Operations.Supplementary-Services", "target": "TETRA-HI2Operations.Other-Services", "value": 1},
    {"source": "TETRA-HI2Operations.Supplementary-Services", "target": "TETRA-HI2Operations.Standard-Supplementary-Services", "value": 1},
    {"source": "TETRA-HI1NotificationOperations.HI1-Operation", "target": "TETRA-HI1NotificationOperations.Notification", "value": 1},
    {"source": "TETRA-HI1NotificationOperations.HI1-Operation", "target": "TETRA-HI1NotificationOperations.Alarm-Indicator", "value": 1},
    {"source": "TETRA-HI1NotificationOperations.HI1-Operation", "target": "TETRA-HI1NotificationOperations.National-HI1-ASN1parameters", "value": 1},
    {"source": "HI3CCLinkData.hi3CCLinkId", "target": "HI3CCLinkData.lawfulInterceptDomainId", "value": 1},
    {"source": "Remote-Operations-Information-Objects.CONTRACT", "target": "Remote-Operations-Information-Objects.CONNECTION-PACKAGE", "value": 1},
    {"source": "Remote-Operations-Information-Objects.CONTRACT", "target": "Remote-Operations-Information-Objects.OPERATION-PACKAGE", "value": 1},
    {"source": "UmtsHI2Operations.UmtsIRISequence", "target": "UmtsHI2Operations.UmtsIRIContent", "value": 1},
    {"source": "TS101909201.UserSignalType", "target": "PCESP.CdcPdu", "value": 1},
    {"source": "TETRA-HI2Operations.TETRAIRIsContent", "target": "TETRA-HI2Operations.TetraIRIContent", "value": 1},
    {"source": "TETRA-HI2Operations.TETRAIRIsContent", "target": "TETRA-HI2Operations.TetraIRISequence", "value": 1},
    {"source": "EN301040.LIACTIVATEconf", "target": "EN301040.TLIIdType", "value": 1},
    {"source": "HI1NotificationOperations.Notification", "target": "HI2Operations.LawfulInterceptionIdentifier", "value": 1},
    {"source": "HI1NotificationOperations.Notification", "target": "HI1NotificationOperations.National-HI1-ASN1parameters", "value": 1},
    {"source": "HI1NotificationOperations.Notification", "target": "HI2Operations.CommunicationIdentifier", "value": 1},
    {"source": "HI1NotificationOperations.Notification", "target": "HI1NotificationOperations.hi1OperationId", "value": 1},
    {"source": "HI1NotificationOperations.Notification", "target": "HI2Operations.TimeStamp", "value": 1},
    {"source": "PCESP.Origination", "target": "PCESP.EventTime", "value": 1},
    {"source": "PCESP.Origination", "target": "PCESP.AccessingElementId", "value": 1},
    {"source": "PCESP.Origination", "target": "PCESP.PartyId", "value": 1},
    {"source": "PCESP.Origination", "target": "PCESP.CallId", "value": 1},
    {"source": "PCESP.Origination", "target": "PCESP.TransitCarrierId", "value": 1},
    {"source": "PCESP.Origination", "target": "PCESP.CaseId", "value": 1},
    {"source": "Gprs-HI3-PS.ETSI-CC-PDU", "target": "Umts-HI3-PS.CC-PDU", "value": 1},
    {"source": "Gprs-HI3-PS.ETSI-CC-PDU", "target": "Gprs-HI3-PS.hi3GPRSLIIdOperationId", "value": 1},
    {"source": "EN301040.LocationType", "target": "EN301040.TETRAAddressType", "value": 1},
    {"source": "EN301040.LocationType", "target": "EN301040.TETRACGIType", "value": 1},
    {"source": "TETRA-HI1NotificationOperations.Notification", "target": "HI2Operations.LawfulInterceptionIdentifier", "value": 1},
    {"source": "TETRA-HI1NotificationOperations.Notification", "target": "TETRA-HI1NotificationOperations.hi1OperationId", "value": 1},
    {"source": "TETRA-HI1NotificationOperations.Notification", "target": "EN301040.TETRACGIType", "value": 1},
    {"source": "TETRA-HI1NotificationOperations.Notification", "target": "TETRA-HI1NotificationOperations.National-HI1-ASN1parameters", "value": 1},
    {"source": "TETRA-HI1NotificationOperations.Notification", "target": "HI2Operations.TimeStamp", "value": 1},
    {"source": "TETRA-HI1NotificationOperations.Notification", "target": "HI2Operations.CommunicationIdentifier", "value": 1},
    {"source": "TETRA-HI2Operations.TimeStamp", "target": "TETRA-HI2Operations.LocalTimeStamp", "value": 1},
    {"source": "Umts-HI3-PS.hi3DomainId", "target": "Umts-HI3-PS.threeGPPSUBDomainId", "value": 1},
    {"source": "TETRA-HIManagementOperations.tETRA-sending-of-Password", "target": "TETRA-HIManagementOperations.TETRA-Password-Name", "value": 1},
    {"source": "TETRA-HIManagementOperations.tETRA-sending-of-Password", "target": "Remote-Operations-Information-Objects.OPERATION", "value": 1},
    {"source": "HI1NotificationOperations.HI1-Operation", "target": "HI1NotificationOperations.National-HI1-ASN1parameters", "value": 1},
    {"source": "HI1NotificationOperations.HI1-Operation", "target": "HI1NotificationOperations.Alarm-Indicator", "value": 1},
    {"source": "HI1NotificationOperations.HI1-Operation", "target": "HI1NotificationOperations.Notification", "value": 1},
    {"source": "EN301040.ActivityType", "target": "EN301040.SSType", "value": 1},
    {"source": "EN301040.ActivityType", "target": "EN301040.ActivityClassType", "value": 1},
    {"source": "TETRA-HI2Operations.hi2OperationId", "target": "TETRA-HI2Operations.tETRADomainId", "value": 1},
    {"source": "UmtsHI2Operations.UmtsIRIContent", "target": "UmtsHI2Operations.IRI-Parameters", "value": 1},
    {"source": "TETRA-HIManagementOperations.erroneous-parameter", "target": "Remote-Operations-Information-Objects.ERROR", "value": 1},
    {"source": "TETRA-HIManagementOperations.himDomainId", "target": "TETRA-HIManagementOperations.tETRADomainId", "value": 1},
    {"source": "UmtsHI2Operations.ReportInterval", "target": "HI2Operations.TimeStamp", "value": 1},
    {"source": "HI2Operations.DataNodeAddress", "target": "HI2Operations.IPAddress", "value": 1},
    {"source": "HI2Operations.DataNodeAddress", "target": "HI2Operations.X25Address", "value": 1},
    {"source": "TETRA-HIManagementOperations.tETRA-data-Link-Test", "target": "Remote-Operations-Information-Objects.OPERATION", "value": 1},
    {"source": "HI2Operations.PartyInformation", "target": "HI2Operations.Supplementary-Services", "value": 1},
    {"source": "HI2Operations.PartyInformation", "target": "HI2Operations.CallingPartyNumber", "value": 1},
    {"source": "HI2Operations.PartyInformation", "target": "HI2Operations.Services-Information", "value": 1},
    {"source": "HI2Operations.PartyInformation", "target": "HI2Operations.Services-Data-Information", "value": 1},
    {"source": "HI2Operations.PartyInformation", "target": "HI2Operations.CalledPartyNumber", "value": 1},
    {"source": "PCESP.CCChange", "target": "PCESP.EventTime", "value": 1},
    {"source": "PCESP.CCChange", "target": "PCESP.CaseId", "value": 1},
    {"source": "PCESP.CCChange", "target": "PCESP.CCCId", "value": 1},
    {"source": "PCESP.CCChange", "target": "PCESP.ResourceState", "value": 1},
    {"source": "PCESP.CCChange", "target": "PCESP.SDP", "value": 1},
    {"source": "PCESP.CCChange", "target": "PCESP.CallId", "value": 1},
    {"source": "PCESP.CCChange", "target": "PCESP.FlowDirection", "value": 1},
    {"source": "PCESP.CCChange", "target": "PCESP.AccessingElementId", "value": 1},
    {"source": "HI2Operations.unknown-parameter", "target": "Remote-Operations-Information-Objects.ERROR", "value": 1},
    {"source": "UmtsHI2Operations.Change-Of-Target-Identity", "target": "UmtsHI2Operations.PartyInformation", "value": 1},
    {"source": "HI2Operations.Supplementary-Services", "target": "HI2Operations.Other-Services", "value": 1},
    {"source": "HI2Operations.Supplementary-Services", "target": "HI2Operations.Standard-Supplementary-Services", "value": 1},
    {"source": "HI2Operations.Supplementary-Services", "target": "HI2Operations.Non-Standard-Supplementary-Services", "value": 1},
    {"source": "EN301040.AddressType", "target": "EN301040.TETRAAddressType", "value": 1},
    {"source": "EN301040.AddressType", "target": "EN301040.TSIType", "value": 1},
    {"source": "Remote-Operations-Information-Objects.ERROR", "target": "Remote-Operations-Information-Objects.Priority", "value": 1},
    {"source": "Remote-Operations-Information-Objects.ERROR", "target": "Remote-Operations-Information-Objects.Code", "value": 1},
    {"source": "HI2Operations.Services-Data-Information", "target": "HI2Operations.GPRS-parameters", "value": 1},
    {"source": "TETRA-HI2Operations.GPRS-parameters", "target": "TETRA-HI2Operations.DataNodeAddress", "value": 1},
    {"source": "TETRA-HI2Operations.GA-PointWithUnCertainty", "target": "TETRA-HI2Operations.GeographicalCoordinates", "value": 1},
    {"source": "EN301040.TSIType", "target": "EN301040.MNCType", "value": 1},
    {"source": "EN301040.TSIType", "target": "EN301040.SSIType", "value": 1},
    {"source": "EN301040.TSIType", "target": "EN301040.MCCType", "value": 1},
    {"source": "TS101909201.TTRAFFIC", "target": "TS101909201.LIIDType", "value": 1},
    {"source": "HI1NotificationOperations.missing-parameter", "target": "Remote-Operations-Information-Objects.ERROR", "value": 1},
    {"source": "HI2Operations.unknown-parameter-value", "target": "Remote-Operations-Information-Objects.ERROR", "value": 1},
    {"source": "HI2Operations.UMTSLocation", "target": "HI2Operations.GA-PointWithUnCertainty", "value": 1},
    {"source": "HI2Operations.UMTSLocation", "target": "HI2Operations.GA-Polygon", "value": 1},
    {"source": "HI2Operations.UMTSLocation", "target": "HI2Operations.GA-Point", "value": 1},
    {"source": "HI2Operations.CommunicationIdentifier", "target": "HI2Operations.Network-Identifier", "value": 1},
    {"source": "TETRA-HIManagementOperations.other-failure-causes", "target": "Remote-Operations-Information-Objects.ERROR", "value": 1},
    {"source": "HIManagementOperations.Password-Name", "target": "HIManagementOperations.himOperationId", "value": 1},
    {"source": "Umts-HI3-PS.threeGPPSUBDomainId", "target": "Umts-HI3-PS.lawfulInterceptDomainId", "value": 1},
    {"source": "UmtsHI2Operations.PartyInformation", "target": "UmtsHI2Operations.Services-Data-Information", "value": 1},
    {"source": "UmtsHI2Operations.CorrelationValues", "target": "UmtsHI2Operations.IRI-to-IRI-Correlation", "value": 1},
    {"source": "UmtsHI2Operations.CorrelationValues", "target": "UmtsHI2Operations.IRI-to-CC-Correlation", "value": 1},
    {"source": "Remote-Operations-Information-Objects.refuse", "target": "Remote-Operations-Information-Objects.ERROR", "value": 1},
    {"source": "PCESP.DialedDigitExtraction", "target": "PCESP.EventTime", "value": 1},
    {"source": "PCESP.DialedDigitExtraction", "target": "PCESP.CallId", "value": 1},
    {"source": "PCESP.DialedDigitExtraction", "target": "PCESP.AccessingElementId", "value": 1},
    {"source": "PCESP.DialedDigitExtraction", "target": "PCESP.CaseId", "value": 1},
    {"source": "PCESP.RedirectedFromInfo", "target": "PCESP.PartyId", "value": 1},
    {"source": "TETRA-HIManagementOperations.missing-parameter", "target": "Remote-Operations-Information-Objects.ERROR", "value": 1},
    {"source": "UmtsHI2Operations.AssociatePresenceStatus", "target": "UmtsHI2Operations.PresenceType", "value": 1},
    {"source": "UmtsHI2Operations.PacketDataHeaderMapped", "target": "HI2Operations.IPAddress", "value": 1},
    {"source": "UmtsHI2Operations.PacketDataHeaderMapped", "target": "UmtsHI2Operations.TPDU-direction", "value": 1},
    {"source": "HIManagementOperations.other-failure-causes", "target": "Remote-Operations-Information-Objects.ERROR", "value": 1},
    {"source": "EN301040.LIACTIVATEreq", "target": "EN301040.ActivityType", "value": 1},
    {"source": "EN301040.LIACTIVATEreq", "target": "EN301040.AddressType", "value": 1},
    {"source": "PCESP.CdcPdu", "target": "PCESP.Message", "value": 1},
    {"source": "PCESP.CdcPdu", "target": "PCESP.ProtocolVersion", "value": 1},
    {"source": "TETRA-HI2Operations.Services-Information", "target": "TETRA-HI2Operations.ISUP-parameters", "value": 1},
    {"source": "TETRA-HI2Operations.Services-Information", "target": "TETRA-HI2Operations.DSS1-parameters-codeset-0", "value": 1},
    {"source": "TETRA-HI2Operations.Services-Information", "target": "TETRA-HI2Operations.MAP-parameters", "value": 1},
    {"source": "Remote-Operations-Information-Objects.ROS-OBJECT-CLASS", "target": "Remote-Operations-Information-Objects.CONTRACT", "value": 1},
    {"source": "Remote-Operations-Information-Objects.ROS-OBJECT-CLASS", "target": "Remote-Operations-Information-Objects.ROS-OBJECT-CLASS", "value": 1},
    {"source": "HIManagementOperations.data-Link-Test", "target": "Remote-Operations-Information-Objects.OPERATION", "value": 1},
    {"source": "HI1NotificationOperations.hi1OperationId", "target": "HI1NotificationOperations.hi1NotificationOperationsId", "value": 1},
    {"source": "HI2Operations.Non-Standard-Supplementary-Services", "target": "HI2Operations.SciDataMode", "value": 1},
    {"source": "HI2Operations.Non-Standard-Supplementary-Services", "target": "HI2Operations.SimpleIndication", "value": 1},
    {"source": "HIManagementOperations.himOperationId", "target": "HIManagementOperations.himDomainId", "value": 1},
    {"source": "TETRA-HI2Operations.unknown-version", "target": "Remote-Operations-Information-Objects.ERROR", "value": 1},
    {"source": "HI1NotificationOperations.National-HI1-ASN1parameters", "target": "HI1NotificationOperations.hi1OperationId", "value": 1},
    {"source": "HI2Operations.GA-Point", "target": "HI2Operations.GeographicalCoordinates", "value": 1},
    {"source": "EN301040.TTRAFFICind", "target": "EN301040.TLIIdType", "value": 1},
    {"source": "HI2Operations.OperationErrors", "target": "HI2Operations.unknown-parameter-value", "value": 1},
    {"source": "HI2Operations.OperationErrors", "target": "HI2Operations.missing-parameter", "value": 1},
    {"source": "HI2Operations.OperationErrors", "target": "HI2Operations.unknown-parameter", "value": 1},
    {"source": "HI2Operations.OperationErrors", "target": "HI2Operations.unknown-version", "value": 1},
    {"source": "HI2Operations.OperationErrors", "target": "Remote-Operations-Information-Objects.ERROR", "value": 1},
    {"source": "EN301040.TARGETACTIVITYMONITORind", "target": "EN301040.ActivityType", "value": 1},
    {"source": "EN301040.TARGETACTIVITYMONITORind", "target": "EN301040.LocationType", "value": 1},
    {"source": "EN301040.TARGETACTIVITYMONITORind", "target": "EN301040.TLIIdType", "value": 1},
    {"source": "EN301040.TARGETACTIVITYMONITORind", "target": "EN301040.AddressType", "value": 1},
    {"source": "UmtsHI2Operations.Location", "target": "UmtsHI2Operations.GlobalCellID", "value": 1},
    {"source": "UmtsHI2Operations.Location", "target": "UmtsHI2Operations.UMTSLocation", "value": 1},
    {"source": "UmtsHI2Operations.Location", "target": "UmtsHI2Operations.Rai", "value": 1},
    {"source": "UmtsHI2Operations.Location", "target": "UmtsHI2Operations.CivicAddress", "value": 1},
    {"source": "UmtsHI2Operations.Location", "target": "UmtsHI2Operations.GSMLocation", "value": 1},
    {"source": "UmtsHI2Operations.Location", "target": "HI2Operations.TimeStamp", "value": 1},
    {"source": "UmtsHI2Operations.Location", "target": "UmtsHI2Operations.Sai", "value": 1},
    {"source": "HI2Operations.GPRS-parameters", "target": "HI2Operations.DataNodeAddress", "value": 1}
  ]
}
