{
  "_comment": "code automatically generated by pycrate_asn1c",
  "nodes": [
    {"id": "_IMPL_.REAL", "group": 0},
    {"id": "_IMPL_.EXTERNAL", "group": 0},
    {"id": "_IMPL_.EMBEDDED PDV", "group": 0},
    {"id": "_IMPL_.CHARACTER STRING", "group": 0},
    {"id": "_IMPL_.TYPE-IDENTIFIER", "group": 0},
    {"id": "_IMPL_.ABSTRACT-SYNTAX", "group": 0},
    {"id": "LPPA-CommonDataTypes.maxPrivateIEs", "group": 2},
    {"id": "LPPA-CommonDataTypes.maxProtocolExtensions", "group": 2},
    {"id": "LPPA-CommonDataTypes.maxProtocolIEs", "group": 2},
    {"id": "LPPA-CommonDataTypes.Criticality", "group": 2},
    {"id": "LPPA-CommonDataTypes.LPPATransactionID", "group": 2},
    {"id": "LPPA-CommonDataTypes.Presence", "group": 2},
    {"id": "LPPA-CommonDataTypes.PrivateIE-ID", "group": 2},
    {"id": "LPPA-CommonDataTypes.ProcedureCode", "group": 2},
    {"id": "LPPA-CommonDataTypes.ProtocolIE-ID", "group": 2},
    {"id": "LPPA-CommonDataTypes.TriggeringMessage", "group": 2},
    {"id": "LPPA-Constants.id-errorIndication", "group": 3},
    {"id": "LPPA-Constants.id-privateMessage", "group": 3},
    {"id": "LPPA-Constants.id-e-CIDMeasurementInitiation", "group": 3},
    {"id": "LPPA-Constants.id-e-CIDMeasurementFailureIndication", "group": 3},
    {"id": "LPPA-Constants.id-e-CIDMeasurementReport", "group": 3},
    {"id": "LPPA-Constants.id-e-CIDMeasurementTermination", "group": 3},
    {"id": "LPPA-Constants.id-oTDOAInformationExchange", "group": 3},
    {"id": "LPPA-Constants.id-uTDOAInformationExchange", "group": 3},
    {"id": "LPPA-Constants.id-uTDOAInformationUpdate", "group": 3},
    {"id": "LPPA-Constants.id-assistanceInformationControl", "group": 3},
    {"id": "LPPA-Constants.id-assistanceInformationFeedback", "group": 3},
    {"id": "LPPA-Constants.maxNrOfErrors", "group": 3},
    {"id": "LPPA-Constants.maxCellineNB", "group": 3},
    {"id": "LPPA-Constants.maxNoMeas", "group": 3},
    {"id": "LPPA-Constants.maxCellReport", "group": 3},
    {"id": "LPPA-Constants.maxnoOTDOAtypes", "group": 3},
    {"id": "LPPA-Constants.maxServCell", "group": 3},
    {"id": "LPPA-Constants.maxGERANMeas", "group": 3},
    {"id": "LPPA-Constants.maxUTRANMeas", "group": 3},
    {"id": "LPPA-Constants.maxCellineNB-ext", "group": 3},
    {"id": "LPPA-Constants.maxMBSFN-Allocations", "group": 3},
    {"id": "LPPA-Constants.maxWLANchannels", "group": 3},
    {"id": "LPPA-Constants.maxnoFreqHoppingBandsMinusOne", "group": 3},
    {"id": "LPPA-Constants.maxNrOfPosSImessage", "group": 3},
    {"id": "LPPA-Constants.maxnoAssistInfoFailureListItems", "group": 3},
    {"id": "LPPA-Constants.maxNrOfSegments", "group": 3},
    {"id": "LPPA-Constants.maxNrOfPosSIBs", "group": 3},
    {"id": "LPPA-Constants.maxNRmeas", "group": 3},
    {"id": "LPPA-Constants.maxResultsPerSSBIndex", "group": 3},
    {"id": "LPPA-Constants.id-Cause", "group": 3},
    {"id": "LPPA-Constants.id-CriticalityDiagnostics", "group": 3},
    {"id": "LPPA-Constants.id-E-SMLC-UE-Measurement-ID", "group": 3},
    {"id": "LPPA-Constants.id-ReportCharacteristics", "group": 3},
    {"id": "LPPA-Constants.id-MeasurementPeriodicity", "group": 3},
    {"id": "LPPA-Constants.id-MeasurementQuantities", "group": 3},
    {"id": "LPPA-Constants.id-eNB-UE-Measurement-ID", "group": 3},
    {"id": "LPPA-Constants.id-E-CID-MeasurementResult", "group": 3},
    {"id": "LPPA-Constants.id-OTDOACells", "group": 3},
    {"id": "LPPA-Constants.id-OTDOA-Information-Type-Group", "group": 3},
    {"id": "LPPA-Constants.id-OTDOA-Information-Type-Item", "group": 3},
    {"id": "LPPA-Constants.id-MeasurementQuantities-Item", "group": 3},
    {"id": "LPPA-Constants.id-RequestedSRSTransmissionCharacteristics", "group": 3},
    {"id": "LPPA-Constants.id-ULConfiguration", "group": 3},
    {"id": "LPPA-Constants.id-Cell-Portion-ID", "group": 3},
    {"id": "LPPA-Constants.id-InterRATMeasurementQuantities", "group": 3},
    {"id": "LPPA-Constants.id-InterRATMeasurementQuantities-Item", "group": 3},
    {"id": "LPPA-Constants.id-InterRATMeasurementResult", "group": 3},
    {"id": "LPPA-Constants.id-AddOTDOACells", "group": 3},
    {"id": "LPPA-Constants.id-WLANMeasurementQuantities", "group": 3},
    {"id": "LPPA-Constants.id-WLANMeasurementQuantities-Item", "group": 3},
    {"id": "LPPA-Constants.id-WLANMeasurementResult", "group": 3},
    {"id": "LPPA-Constants.id-Assistance-Information", "group": 3},
    {"id": "LPPA-Constants.id-Broadcast", "group": 3},
    {"id": "LPPA-Constants.id-AssistanceInformationFailureList", "group": 3},
    {"id": "LPPA-Constants.id-ResultsPerSSB-Index-List", "group": 3},
    {"id": "LPPA-Constants.id-ResultsPerSSB-Index-Item", "group": 3},
    {"id": "LPPA-Constants.id-NR-CGI", "group": 3},
    {"id": "LPPA-Containers.LPPA-PROTOCOL-IES", "group": 4},
    {"id": "LPPA-Containers.LPPA-PROTOCOL-IES-PAIR", "group": 4},
    {"id": "LPPA-Containers.LPPA-PROTOCOL-EXTENSION", "group": 4},
    {"id": "LPPA-Containers.LPPA-PRIVATE-IES", "group": 4},
    {"id": "LPPA-Containers.ProtocolIE-Container", "group": 4},
    {"id": "LPPA-Containers.ProtocolIE-Single-Container", "group": 4},
    {"id": "LPPA-Containers.ProtocolIE-Field", "group": 4},
    {"id": "LPPA-Containers.ProtocolIE-ContainerPair", "group": 4},
    {"id": "LPPA-Containers.ProtocolIE-FieldPair", "group": 4},
    {"id": "LPPA-Containers.ProtocolIE-ContainerList", "group": 4},
    {"id": "LPPA-Containers.ProtocolIE-ContainerPairList", "group": 4},
    {"id": "LPPA-Containers.ProtocolExtensionContainer", "group": 4},
    {"id": "LPPA-Containers.ProtocolExtensionField", "group": 4},
    {"id": "LPPA-Containers.PrivateIE-Container", "group": 4},
    {"id": "LPPA-Containers.PrivateIE-Field", "group": 4},
    {"id": "LPPA-IEs.Add-OTDOACells", "group": 5},
    {"id": "LPPA-IEs.Add-OTDOACells-ExtIEs", "group": 5},
    {"id": "LPPA-IEs.Add-OTDOACell-Information", "group": 5},
    {"id": "LPPA-IEs.Assistance-Information", "group": 5},
    {"id": "LPPA-IEs.Assistance-Information-ExtIEs", "group": 5},
    {"id": "LPPA-IEs.AssistanceInformationFailureList", "group": 5},
    {"id": "LPPA-IEs.AssistanceInformationFailureList-ExtIEs", "group": 5},
    {"id": "LPPA-IEs.AssistanceInformationMetaData", "group": 5},
    {"id": "LPPA-IEs.AssistanceInformationMetaData-ExtIEs", "group": 5},
    {"id": "LPPA-IEs.BCCH", "group": 5},
    {"id": "LPPA-IEs.BitmapsforNPRS", "group": 5},
    {"id": "LPPA-IEs.Broadcast", "group": 5},
    {"id": "LPPA-IEs.BroadcastPeriodicity", "group": 5},
    {"id": "LPPA-IEs.BSSID", "group": 5},
    {"id": "LPPA-IEs.Cause", "group": 5},
    {"id": "LPPA-IEs.CauseMisc", "group": 5},
    {"id": "LPPA-IEs.CauseProtocol", "group": 5},
    {"id": "LPPA-IEs.CauseRadioNetwork", "group": 5},
    {"id": "LPPA-IEs.Cell-Portion-ID", "group": 5},
    {"id": "LPPA-IEs.CPLength", "group": 5},
    {"id": "LPPA-IEs.CriticalityDiagnostics", "group": 5},
    {"id": "LPPA-IEs.CriticalityDiagnostics-ExtIEs", "group": 5},
    {"id": "LPPA-IEs.CriticalityDiagnostics-IE-List", "group": 5},
    {"id": "LPPA-IEs.CriticalityDiagnostics-IE-List-ExtIEs", "group": 5},
    {"id": "LPPA-IEs.DL-Bandwidth", "group": 5},
    {"id": "LPPA-IEs.E-CID-MeasurementResult", "group": 5},
    {"id": "LPPA-IEs.ECGI", "group": 5},
    {"id": "LPPA-IEs.ECGI-ExtIEs", "group": 5},
    {"id": "LPPA-IEs.EUTRANCellIdentifier", "group": 5},
    {"id": "LPPA-IEs.EARFCN", "group": 5},
    {"id": "LPPA-IEs.E-UTRANAccessPointPosition", "group": 5},
    {"id": "LPPA-IEs.HESSID", "group": 5},
    {"id": "LPPA-IEs.InterRATMeasurementQuantities", "group": 5},
    {"id": "LPPA-IEs.InterRATMeasurementQuantities-ItemIEs", "group": 5},
    {"id": "LPPA-IEs.InterRATMeasurementQuantities-Item", "group": 5},
    {"id": "LPPA-IEs.InterRATMeasurementQuantitiesValue-ExtIEs", "group": 5},
    {"id": "LPPA-IEs.InterRATMeasurementQuantitiesValue", "group": 5},
    {"id": "LPPA-IEs.InterRATMeasurementResult", "group": 5},
    {"id": "LPPA-IEs.InterRATMeasuredResultsValue", "group": 5},
    {"id": "LPPA-IEs.Measurement-ID", "group": 5},
    {"id": "LPPA-IEs.MeasurementPeriodicity", "group": 5},
    {"id": "LPPA-IEs.MeasurementQuantities", "group": 5},
    {"id": "LPPA-IEs.MeasurementQuantities-ItemIEs", "group": 5},
    {"id": "LPPA-IEs.MeasurementQuantities-Item", "group": 5},
    {"id": "LPPA-IEs.MeasurementQuantitiesValue-ExtIEs", "group": 5},
    {"id": "LPPA-IEs.MeasurementQuantitiesValue", "group": 5},
    {"id": "LPPA-IEs.MeasuredResults", "group": 5},
    {"id": "LPPA-IEs.MeasuredResultsValue", "group": 5},
    {"id": "LPPA-IEs.MBSFNsubframeConfiguration", "group": 5},
    {"id": "LPPA-IEs.MBSFNsubframeConfigurationValue", "group": 5},
    {"id": "LPPA-IEs.NarrowBandIndex", "group": 5},
    {"id": "LPPA-IEs.NRCellIdentity", "group": 5},
    {"id": "LPPA-IEs.NR-CGI", "group": 5},
    {"id": "LPPA-IEs.NR-CGI-ExtIEs", "group": 5},
    {"id": "LPPA-IEs.NPRSConfiguration", "group": 5},
    {"id": "LPPA-IEs.NPRSMutingConfiguration", "group": 5},
    {"id": "LPPA-IEs.NPRSSubframePartA", "group": 5},
    {"id": "LPPA-IEs.NPRSSubframePartB", "group": 5},
    {"id": "LPPA-IEs.NumberOfAntennaPorts", "group": 5},
    {"id": "LPPA-IEs.NumberOfDlFrames", "group": 5},
    {"id": "LPPA-IEs.NumberOfDlFrames-Extended", "group": 5},
    {"id": "LPPA-IEs.NumberOfFrequencyHoppingBands", "group": 5},
    {"id": "LPPA-IEs.NPRSSequenceInfo", "group": 5},
    {"id": "LPPA-IEs.NRARFCN", "group": 5},
    {"id": "LPPA-IEs.NRPCI", "group": 5},
    {"id": "LPPA-IEs.OffsetNBChanneltoEARFCN", "group": 5},
    {"id": "LPPA-IEs.OperationModeInfo", "group": 5},
    {"id": "LPPA-IEs.OTDOACells", "group": 5},
    {"id": "LPPA-IEs.OTDOACells-ExtIEs", "group": 5},
    {"id": "LPPA-IEs.OTDOACell-Information", "group": 5},
    {"id": "LPPA-IEs.OTDOACell-Information-Item", "group": 5},
    {"id": "LPPA-IEs.OTDOA-Information-Item", "group": 5},
    {"id": "LPPA-IEs.Outcome", "group": 5},
    {"id": "LPPA-IEs.PCI", "group": 5},
    {"id": "LPPA-IEs.PhysCellIDGERAN", "group": 5},
    {"id": "LPPA-IEs.PhysCellIDUTRA-FDD", "group": 5},
    {"id": "LPPA-IEs.PhysCellIDUTRA-TDD", "group": 5},
    {"id": "LPPA-IEs.PLMN-Identity", "group": 5},
    {"id": "LPPA-IEs.PosSIBs", "group": 5},
    {"id": "LPPA-IEs.PosSIBs-ExtIEs", "group": 5},
    {"id": "LPPA-IEs.PosSIB-Segments", "group": 5},
    {"id": "LPPA-IEs.PosSIB-Segments-ExtIEs", "group": 5},
    {"id": "LPPA-IEs.PosSIB-Type", "group": 5},
    {"id": "LPPA-IEs.PRS-Bandwidth", "group": 5},
    {"id": "LPPA-IEs.PRS-Configuration-Index", "group": 5},
    {"id": "LPPA-IEs.PRS-ID", "group": 5},
    {"id": "LPPA-IEs.PRSMutingConfiguration", "group": 5},
    {"id": "LPPA-IEs.PRSOccasionGroup", "group": 5},
    {"id": "LPPA-IEs.PRSFrequencyHoppingConfiguration", "group": 5},
    {"id": "LPPA-IEs.PRSFrequencyHoppingConfiguration-Item-IEs", "group": 5},
    {"id": "LPPA-IEs.RepetitionNumberofSIB1-NB", "group": 5},
    {"id": "LPPA-IEs.ReportCharacteristics", "group": 5},
    {"id": "LPPA-IEs.RequestedSRSTransmissionCharacteristics", "group": 5},
    {"id": "LPPA-IEs.ResultRSRP", "group": 5},
    {"id": "LPPA-IEs.ResultRSRP-Item", "group": 5},
    {"id": "LPPA-IEs.ResultRSRP-Item-ExtIEs", "group": 5},
    {"id": "LPPA-IEs.ResultRSRQ", "group": 5},
    {"id": "LPPA-IEs.ResultRSRQ-Item", "group": 5},
    {"id": "LPPA-IEs.ResultRSRQ-Item-ExtIEs", "group": 5},
    {"id": "LPPA-IEs.ResultGERAN", "group": 5},
    {"id": "LPPA-IEs.ResultGERAN-Item", "group": 5},
    {"id": "LPPA-IEs.ResultGERAN-Item-ExtIEs", "group": 5},
    {"id": "LPPA-IEs.ResultUTRAN", "group": 5},
    {"id": "LPPA-IEs.ResultUTRAN-Item", "group": 5},
    {"id": "LPPA-IEs.ResultUTRAN-Item-ExtIEs", "group": 5},
    {"id": "LPPA-IEs.ResultNR", "group": 5},
    {"id": "LPPA-IEs.ResultNR-Item", "group": 5},
    {"id": "LPPA-IEs.ResultNR-Item-ExtIEs", "group": 5},
    {"id": "LPPA-IEs.ResultsPerSSB-Index-List", "group": 5},
    {"id": "LPPA-IEs.ResultsPerSSB-Index-Item", "group": 5},
    {"id": "LPPA-IEs.ResultsPerSSB-Index-Item-ExtIEs", "group": 5},
    {"id": "LPPA-IEs.RSSI", "group": 5},
    {"id": "LPPA-IEs.SFNInitialisationTime", "group": 5},
    {"id": "LPPA-IEs.SRSConfigurationForAllCells", "group": 5},
    {"id": "LPPA-IEs.SRSConfigurationForOneCell", "group": 5},
    {"id": "LPPA-IEs.Subframeallocation", "group": 5},
    {"id": "LPPA-IEs.SS-NRRSRP", "group": 5},
    {"id": "LPPA-IEs.SS-NRRSRQ", "group": 5},
    {"id": "LPPA-IEs.SSB-Index", "group": 5},
    {"id": "LPPA-IEs.SSID", "group": 5},
    {"id": "LPPA-IEs.SystemInformation", "group": 5},
    {"id": "LPPA-IEs.SystemInformation-ExtIEs", "group": 5},
    {"id": "LPPA-IEs.TAC", "group": 5},
    {"id": "LPPA-IEs.TDDConfiguration", "group": 5},
    {"id": "LPPA-IEs.TDDConfiguration-ExtIEs", "group": 5},
    {"id": "LPPA-IEs.TP-ID", "group": 5},
    {"id": "LPPA-IEs.TP-Type", "group": 5},
    {"id": "LPPA-IEs.TypeOfError", "group": 5},
    {"id": "LPPA-IEs.ULConfiguration", "group": 5},
    {"id": "LPPA-IEs.UARFCN", "group": 5},
    {"id": "LPPA-IEs.UTRA-EcN0", "group": 5},
    {"id": "LPPA-IEs.UTRA-RSCP", "group": 5},
    {"id": "LPPA-IEs.ValueRSRP", "group": 5},
    {"id": "LPPA-IEs.ValueRSRQ", "group": 5},
    {"id": "LPPA-IEs.WLANMeasurementQuantities", "group": 5},
    {"id": "LPPA-IEs.WLANMeasurementQuantities-ItemIEs", "group": 5},
    {"id": "LPPA-IEs.WLANMeasurementQuantities-Item", "group": 5},
    {"id": "LPPA-IEs.WLANMeasurementQuantitiesValue-ExtIEs", "group": 5},
    {"id": "LPPA-IEs.WLANMeasurementQuantitiesValue", "group": 5},
    {"id": "LPPA-IEs.WLANMeasurementResult", "group": 5},
    {"id": "LPPA-IEs.WLANMeasurementResult-Item", "group": 5},
    {"id": "LPPA-IEs.WLANMeasurementResult-Item-ExtIEs", "group": 5},
    {"id": "LPPA-IEs.WLAN-RSSI", "group": 5},
    {"id": "LPPA-IEs.WLANBand", "group": 5},
    {"id": "LPPA-IEs.WLANChannelList", "group": 5},
    {"id": "LPPA-IEs.WLANChannel", "group": 5},
    {"id": "LPPA-IEs.WLANCountryCode", "group": 5},
    {"id": "LPPA-IEs.WLANOperatingClass", "group": 5},
    {"id": "LPPA-PDU-Contents.E-CIDMeasurementInitiationRequest", "group": 6},
    {"id": "LPPA-PDU-Contents.E-CIDMeasurementInitiationRequest-IEs", "group": 6},
    {"id": "LPPA-PDU-Contents.E-CIDMeasurementInitiationResponse", "group": 6},
    {"id": "LPPA-PDU-Contents.E-CIDMeasurementInitiationResponse-IEs", "group": 6},
    {"id": "LPPA-PDU-Contents.E-CIDMeasurementInitiationFailure", "group": 6},
    {"id": "LPPA-PDU-Contents.E-CIDMeasurementInitiationFailure-IEs", "group": 6},
    {"id": "LPPA-PDU-Contents.E-CIDMeasurementFailureIndication", "group": 6},
    {"id": "LPPA-PDU-Contents.E-CIDMeasurementFailureIndication-IEs", "group": 6},
    {"id": "LPPA-PDU-Contents.E-CIDMeasurementReport", "group": 6},
    {"id": "LPPA-PDU-Contents.E-CIDMeasurementReport-IEs", "group": 6},
    {"id": "LPPA-PDU-Contents.E-CIDMeasurementTerminationCommand", "group": 6},
    {"id": "LPPA-PDU-Contents.E-CIDMeasurementTerminationCommand-IEs", "group": 6},
    {"id": "LPPA-PDU-Contents.OTDOAInformationRequest", "group": 6},
    {"id": "LPPA-PDU-Contents.OTDOAInformationRequest-IEs", "group": 6},
    {"id": "LPPA-PDU-Contents.OTDOA-Information-Type", "group": 6},
    {"id": "LPPA-PDU-Contents.OTDOA-Information-TypeIEs", "group": 6},
    {"id": "LPPA-PDU-Contents.OTDOA-Information-Type-Item", "group": 6},
    {"id": "LPPA-PDU-Contents.OTDOA-Information-Type-ItemExtIEs", "group": 6},
    {"id": "LPPA-PDU-Contents.OTDOAInformationResponse", "group": 6},
    {"id": "LPPA-PDU-Contents.OTDOAInformationResponse-IEs", "group": 6},
    {"id": "LPPA-PDU-Contents.OTDOAInformationFailure", "group": 6},
    {"id": "LPPA-PDU-Contents.OTDOAInformationFailure-IEs", "group": 6},
    {"id": "LPPA-PDU-Contents.UTDOAInformationRequest", "group": 6},
    {"id": "LPPA-PDU-Contents.UTDOAInformationRequest-IEs", "group": 6},
    {"id": "LPPA-PDU-Contents.UTDOAInformationResponse", "group": 6},
    {"id": "LPPA-PDU-Contents.UTDOAInformationResponse-IEs", "group": 6},
    {"id": "LPPA-PDU-Contents.UTDOAInformationFailure", "group": 6},
    {"id": "LPPA-PDU-Contents.UTDOAInformationFailure-IEs", "group": 6},
    {"id": "LPPA-PDU-Contents.UTDOAInformationUpdate", "group": 6},
    {"id": "LPPA-PDU-Contents.UTDOAInformationUpdate-IEs", "group": 6},
    {"id": "LPPA-PDU-Contents.AssistanceInformationControl", "group": 6},
    {"id": "LPPA-PDU-Contents.AssistanceInformationControl-IEs", "group": 6},
    {"id": "LPPA-PDU-Contents.AssistanceInformationFeedback", "group": 6},
    {"id": "LPPA-PDU-Contents.AssistanceInformationFeedback-IEs", "group": 6},
    {"id": "LPPA-PDU-Contents.ErrorIndication", "group": 6},
    {"id": "LPPA-PDU-Contents.ErrorIndication-IEs", "group": 6},
    {"id": "LPPA-PDU-Contents.PrivateMessage", "group": 6},
    {"id": "LPPA-PDU-Contents.PrivateMessage-IEs", "group": 6},
    {"id": "LPPA-PDU-Descriptions.LPPA-ELEMENTARY-PROCEDURE", "group": 7},
    {"id": "LPPA-PDU-Descriptions.LPPA-PDU", "group": 7},
    {"id": "LPPA-PDU-Descriptions.InitiatingMessage", "group": 7},
    {"id": "LPPA-PDU-Descriptions.SuccessfulOutcome", "group": 7},
    {"id": "LPPA-PDU-Descriptions.UnsuccessfulOutcome", "group": 7},
    {"id": "LPPA-PDU-Descriptions.LPPA-ELEMENTARY-PROCEDURES", "group": 7},
    {"id": "LPPA-PDU-Descriptions.LPPA-ELEMENTARY-PROCEDURES-CLASS-1", "group": 7},
    {"id": "LPPA-PDU-Descriptions.LPPA-ELEMENTARY-PROCEDURES-CLASS-2", "group": 7},
    {"id": "LPPA-PDU-Descriptions.e-CIDMeasurementInitiation", "group": 7},
    {"id": "LPPA-PDU-Descriptions.e-CIDMeasurementFailureIndication", "group": 7},
    {"id": "LPPA-PDU-Descriptions.e-CIDMeasurementReport", "group": 7},
    {"id": "LPPA-PDU-Descriptions.e-CIDMeasurementTermination", "group": 7},
    {"id": "LPPA-PDU-Descriptions.oTDOAInformationExchange", "group": 7},
    {"id": "LPPA-PDU-Descriptions.uTDOAInformationExchange", "group": 7},
    {"id": "LPPA-PDU-Descriptions.uTDOAInformationUpdate", "group": 7},
    {"id": "LPPA-PDU-Descriptions.assistanceInformationControl", "group": 7},
    {"id": "LPPA-PDU-Descriptions.assistanceInformationFeedback", "group": 7},
    {"id": "LPPA-PDU-Descriptions.errorIndication", "group": 7},
    {"id": "LPPA-PDU-Descriptions.privateMessage", "group": 7}
  ],
  "links": [
    {"source": "LPPA-IEs.PosSIBs", "target": "LPPA-IEs.PosSIB-Segments", "value": 1},
    {"source": "LPPA-IEs.PosSIBs", "target": "LPPA-IEs.PosSIB-Type", "value": 1},
    {"source": "LPPA-IEs.PosSIBs", "target": "LPPA-Containers.ProtocolExtensionContainer", "value": 1},
    {"source": "LPPA-IEs.PosSIBs", "target": "LPPA-IEs.PosSIBs-ExtIEs", "value": 1},
    {"source": "LPPA-IEs.PosSIBs", "target": "LPPA-Constants.maxNrOfPosSIBs", "value": 1},
    {"source": "LPPA-IEs.PosSIBs", "target": "LPPA-IEs.AssistanceInformationMetaData", "value": 1},
    {"source": "LPPA-PDU-Contents.OTDOAInformationFailure", "target": "LPPA-Containers.ProtocolIE-Container", "value": 1},
    {"source": "LPPA-PDU-Contents.OTDOAInformationFailure", "target": "LPPA-PDU-Contents.OTDOAInformationFailure-IEs", "value": 1},
    {"source": "LPPA-IEs.NR-CGI", "target": "LPPA-Containers.ProtocolExtensionContainer", "value": 1},
    {"source": "LPPA-IEs.NR-CGI", "target": "LPPA-IEs.NR-CGI-ExtIEs", "value": 1},
    {"source": "LPPA-IEs.NR-CGI", "target": "LPPA-IEs.PLMN-Identity", "value": 1},
    {"source": "LPPA-IEs.NR-CGI", "target": "LPPA-IEs.NRCellIdentity", "value": 1},
    {"source": "LPPA-IEs.InterRATMeasuredResultsValue", "target": "LPPA-IEs.ResultUTRAN", "value": 1},
    {"source": "LPPA-IEs.InterRATMeasuredResultsValue", "target": "LPPA-IEs.ResultNR", "value": 1},
    {"source": "LPPA-IEs.InterRATMeasuredResultsValue", "target": "LPPA-IEs.ResultGERAN", "value": 1},
    {"source": "LPPA-IEs.NPRSSubframePartA", "target": "LPPA-IEs.NPRSMutingConfiguration", "value": 1},
    {"source": "LPPA-IEs.NPRSSubframePartA", "target": "LPPA-IEs.BitmapsforNPRS", "value": 1},
    {"source": "LPPA-PDU-Descriptions.uTDOAInformationExchange", "target": "LPPA-PDU-Contents.UTDOAInformationRequest", "value": 1},
    {"source": "LPPA-PDU-Descriptions.uTDOAInformationExchange", "target": "LPPA-PDU-Contents.UTDOAInformationFailure", "value": 1},
    {"source": "LPPA-PDU-Descriptions.uTDOAInformationExchange", "target": "LPPA-PDU-Contents.UTDOAInformationResponse", "value": 1},
    {"source": "LPPA-PDU-Descriptions.uTDOAInformationExchange", "target": "LPPA-PDU-Descriptions.LPPA-ELEMENTARY-PROCEDURE", "value": 1},
    {"source": "LPPA-PDU-Descriptions.UnsuccessfulOutcome", "target": "LPPA-PDU-Descriptions.LPPA-ELEMENTARY-PROCEDURE", "value": 1},
    {"source": "LPPA-PDU-Descriptions.UnsuccessfulOutcome", "target": "LPPA-PDU-Descriptions.LPPA-ELEMENTARY-PROCEDURE", "value": 1},
    {"source": "LPPA-PDU-Descriptions.UnsuccessfulOutcome", "target": "LPPA-PDU-Descriptions.LPPA-ELEMENTARY-PROCEDURE", "value": 1},
    {"source": "LPPA-PDU-Descriptions.UnsuccessfulOutcome", "target": "LPPA-PDU-Descriptions.LPPA-ELEMENTARY-PROCEDURES", "value": 1},
    {"source": "LPPA-PDU-Descriptions.UnsuccessfulOutcome", "target": "LPPA-CommonDataTypes.LPPATransactionID", "value": 1},
    {"source": "LPPA-PDU-Contents.ErrorIndication", "target": "LPPA-Containers.ProtocolIE-Container", "value": 1},
    {"source": "LPPA-PDU-Contents.ErrorIndication", "target": "LPPA-PDU-Contents.ErrorIndication-IEs", "value": 1},
    {"source": "LPPA-IEs.MBSFNsubframeConfigurationValue", "target": "LPPA-IEs.Subframeallocation", "value": 1},
    {"source": "LPPA-IEs.WLANMeasurementQuantitiesValue-ExtIEs", "target": "LPPA-Containers.LPPA-PROTOCOL-EXTENSION", "value": 1},
    {"source": "LPPA-PDU-Descriptions.LPPA-ELEMENTARY-PROCEDURES", "target": "LPPA-PDU-Descriptions.LPPA-ELEMENTARY-PROCEDURES-CLASS-2", "value": 1},
    {"source": "LPPA-PDU-Descriptions.LPPA-ELEMENTARY-PROCEDURES", "target": "LPPA-PDU-Descriptions.LPPA-ELEMENTARY-PROCEDURES-CLASS-1", "value": 1},
    {"source": "LPPA-PDU-Descriptions.LPPA-ELEMENTARY-PROCEDURES", "target": "LPPA-PDU-Descriptions.LPPA-ELEMENTARY-PROCEDURE", "value": 1},
    {"source": "LPPA-IEs.NR-CGI-ExtIEs", "target": "LPPA-Containers.LPPA-PROTOCOL-EXTENSION", "value": 1},
    {"source": "LPPA-IEs.WLANMeasurementQuantities-Item", "target": "LPPA-IEs.WLANMeasurementQuantitiesValue", "value": 1},
    {"source": "LPPA-IEs.WLANMeasurementQuantities-Item", "target": "LPPA-IEs.WLANMeasurementQuantitiesValue-ExtIEs", "value": 1},
    {"source": "LPPA-IEs.WLANMeasurementQuantities-Item", "target": "LPPA-Containers.ProtocolExtensionContainer", "value": 1},
    {"source": "LPPA-IEs.OTDOACell-Information", "target": "LPPA-Constants.maxnoOTDOAtypes", "value": 1},
    {"source": "LPPA-IEs.OTDOACell-Information", "target": "LPPA-IEs.OTDOACell-Information-Item", "value": 1},
    {"source": "LPPA-Constants.id-OTDOA-Information-Type-Group", "target": "LPPA-CommonDataTypes.ProtocolIE-ID", "value": 1},
    {"source": "LPPA-PDU-Descriptions.privateMessage", "target": "LPPA-PDU-Contents.PrivateMessage", "value": 1},
    {"source": "LPPA-PDU-Descriptions.privateMessage", "target": "LPPA-PDU-Descriptions.LPPA-ELEMENTARY-PROCEDURE", "value": 1},
    {"source": "LPPA-Constants.id-MeasurementPeriodicity", "target": "LPPA-CommonDataTypes.ProtocolIE-ID", "value": 1},
    {"source": "LPPA-PDU-Descriptions.assistanceInformationFeedback", "target": "LPPA-PDU-Contents.AssistanceInformationFeedback", "value": 1},
    {"source": "LPPA-PDU-Descriptions.assistanceInformationFeedback", "target": "LPPA-PDU-Descriptions.LPPA-ELEMENTARY-PROCEDURE", "value": 1},
    {"source": "LPPA-PDU-Contents.OTDOAInformationResponse", "target": "LPPA-Containers.ProtocolIE-Container", "value": 1},
    {"source": "LPPA-PDU-Contents.OTDOAInformationResponse", "target": "LPPA-PDU-Contents.OTDOAInformationResponse-IEs", "value": 1},
    {"source": "LPPA-IEs.SystemInformation", "target": "LPPA-IEs.SystemInformation-ExtIEs", "value": 1},
    {"source": "LPPA-IEs.SystemInformation", "target": "LPPA-IEs.BroadcastPeriodicity", "value": 1},
    {"source": "LPPA-IEs.SystemInformation", "target": "LPPA-IEs.PosSIBs", "value": 1},
    {"source": "LPPA-IEs.SystemInformation", "target": "LPPA-Constants.maxNrOfPosSImessage", "value": 1},
    {"source": "LPPA-IEs.SystemInformation", "target": "LPPA-Containers.ProtocolExtensionContainer", "value": 1},
    {"source": "LPPA-Constants.id-ResultsPerSSB-Index-List", "target": "LPPA-CommonDataTypes.ProtocolIE-ID", "value": 1},
    {"source": "LPPA-IEs.ResultRSRP-Item", "target": "LPPA-IEs.EARFCN", "value": 1},
    {"source": "LPPA-IEs.ResultRSRP-Item", "target": "LPPA-IEs.ResultRSRP-Item-ExtIEs", "value": 1},
    {"source": "LPPA-IEs.ResultRSRP-Item", "target": "LPPA-Containers.ProtocolExtensionContainer", "value": 1},
    {"source": "LPPA-IEs.ResultRSRP-Item", "target": "LPPA-IEs.PCI", "value": 1},
    {"source": "LPPA-IEs.ResultRSRP-Item", "target": "LPPA-IEs.ValueRSRP", "value": 1},
    {"source": "LPPA-IEs.ResultRSRP-Item", "target": "LPPA-IEs.ECGI", "value": 1},
    {"source": "LPPA-IEs.WLANChannelList", "target": "LPPA-Constants.maxWLANchannels", "value": 1},
    {"source": "LPPA-IEs.WLANChannelList", "target": "LPPA-IEs.WLANChannel", "value": 1},
    {"source": "LPPA-Containers.ProtocolExtensionField", "target": "LPPA-Containers.LPPA-PROTOCOL-EXTENSION", "value": 1},
    {"source": "LPPA-Containers.ProtocolExtensionField", "target": "LPPA-Containers.LPPA-PROTOCOL-EXTENSION", "value": 1},
    {"source": "LPPA-Containers.ProtocolExtensionField", "target": "LPPA-Containers.LPPA-PROTOCOL-EXTENSION", "value": 1},
    {"source": "LPPA-Containers.ProtocolExtensionField", "target": "LPPA-Containers.LPPA-PROTOCOL-EXTENSION", "value": 1},
    {"source": "LPPA-IEs.WLANMeasurementResult-Item", "target": "LPPA-IEs.HESSID", "value": 1},
    {"source": "LPPA-IEs.WLANMeasurementResult-Item", "target": "LPPA-IEs.WLAN-RSSI", "value": 1},
    {"source": "LPPA-IEs.WLANMeasurementResult-Item", "target": "LPPA-IEs.WLANCountryCode", "value": 1},
    {"source": "LPPA-IEs.WLANMeasurementResult-Item", "target": "LPPA-IEs.WLANChannelList", "value": 1},
    {"source": "LPPA-IEs.WLANMeasurementResult-Item", "target": "LPPA-IEs.BSSID", "value": 1},
    {"source": "LPPA-IEs.WLANMeasurementResult-Item", "target": "LPPA-IEs.WLANBand", "value": 1},
    {"source": "LPPA-IEs.WLANMeasurementResult-Item", "target": "LPPA-Containers.ProtocolExtensionContainer", "value": 1},
    {"source": "LPPA-IEs.WLANMeasurementResult-Item", "target": "LPPA-IEs.SSID", "value": 1},
    {"source": "LPPA-IEs.WLANMeasurementResult-Item", "target": "LPPA-IEs.WLANOperatingClass", "value": 1},
    {"source": "LPPA-IEs.WLANMeasurementResult-Item", "target": "LPPA-IEs.WLANMeasurementResult-Item-ExtIEs", "value": 1},
    {"source": "LPPA-IEs.SRSConfigurationForAllCells", "target": "LPPA-IEs.SRSConfigurationForOneCell", "value": 1},
    {"source": "LPPA-IEs.SRSConfigurationForAllCells", "target": "LPPA-Constants.maxServCell", "value": 1},
    {"source": "LPPA-Containers.PrivateIE-Field", "target": "LPPA-Containers.LPPA-PRIVATE-IES", "value": 1},
    {"source": "LPPA-Containers.PrivateIE-Field", "target": "LPPA-Containers.LPPA-PRIVATE-IES", "value": 1},
    {"source": "LPPA-Containers.PrivateIE-Field", "target": "LPPA-Containers.LPPA-PRIVATE-IES", "value": 1},
    {"source": "LPPA-Containers.PrivateIE-Field", "target": "LPPA-Containers.LPPA-PRIVATE-IES", "value": 1},
    {"source": "LPPA-IEs.PosSIB-Segments-ExtIEs", "target": "LPPA-Containers.LPPA-PROTOCOL-EXTENSION", "value": 1},
    {"source": "LPPA-Constants.id-RequestedSRSTransmissionCharacteristics", "target": "LPPA-CommonDataTypes.ProtocolIE-ID", "value": 1},
    {"source": "LPPA-Constants.id-CriticalityDiagnostics", "target": "LPPA-CommonDataTypes.ProtocolIE-ID", "value": 1},
    {"source": "LPPA-PDU-Descriptions.InitiatingMessage", "target": "LPPA-PDU-Descriptions.LPPA-ELEMENTARY-PROCEDURE", "value": 1},
    {"source": "LPPA-PDU-Descriptions.InitiatingMessage", "target": "LPPA-PDU-Descriptions.LPPA-ELEMENTARY-PROCEDURE", "value": 1},
    {"source": "LPPA-PDU-Descriptions.InitiatingMessage", "target": "LPPA-PDU-Descriptions.LPPA-ELEMENTARY-PROCEDURE", "value": 1},
    {"source": "LPPA-PDU-Descriptions.InitiatingMessage", "target": "LPPA-PDU-Descriptions.LPPA-ELEMENTARY-PROCEDURES", "value": 1},
    {"source": "LPPA-PDU-Descriptions.InitiatingMessage", "target": "LPPA-CommonDataTypes.LPPATransactionID", "value": 1},
    {"source": "LPPA-Constants.id-Assistance-Information", "target": "LPPA-CommonDataTypes.ProtocolIE-ID", "value": 1},
    {"source": "LPPA-IEs.ResultNR-Item-ExtIEs", "target": "LPPA-IEs.ResultsPerSSB-Index-List", "value": 1},
    {"source": "LPPA-IEs.ResultNR-Item-ExtIEs", "target": "LPPA-Containers.LPPA-PROTOCOL-EXTENSION", "value": 1},
    {"source": "LPPA-IEs.ResultNR-Item-ExtIEs", "target": "LPPA-IEs.NR-CGI", "value": 1},
    {"source": "LPPA-IEs.Add-OTDOACell-Information", "target": "LPPA-Constants.maxnoOTDOAtypes", "value": 1},
    {"source": "LPPA-IEs.Add-OTDOACell-Information", "target": "LPPA-IEs.OTDOACell-Information-Item", "value": 1},
    {"source": "LPPA-IEs.MeasurementQuantities", "target": "LPPA-IEs.MeasurementQuantities-ItemIEs", "value": 1},
    {"source": "LPPA-IEs.MeasurementQuantities", "target": "LPPA-Constants.maxNoMeas", "value": 1},
    {"source": "LPPA-IEs.MeasurementQuantities", "target": "LPPA-Containers.ProtocolIE-Single-Container", "value": 1},
    {"source": "LPPA-IEs.NPRSSubframePartB", "target": "LPPA-IEs.NPRSMutingConfiguration", "value": 1},
    {"source": "LPPA-Containers.LPPA-PRIVATE-IES", "target": "LPPA-CommonDataTypes.PrivateIE-ID", "value": 1},
    {"source": "LPPA-Containers.LPPA-PRIVATE-IES", "target": "LPPA-CommonDataTypes.Criticality", "value": 1},
    {"source": "LPPA-Containers.LPPA-PRIVATE-IES", "target": "LPPA-CommonDataTypes.Presence", "value": 1},
    {"source": "LPPA-IEs.ResultRSRP", "target": "LPPA-IEs.ResultRSRP-Item", "value": 1},
    {"source": "LPPA-IEs.ResultRSRP", "target": "LPPA-Constants.maxCellReport", "value": 1},
    {"source": "LPPA-Constants.id-MeasurementQuantities-Item", "target": "LPPA-CommonDataTypes.ProtocolIE-ID", "value": 1},
    {"source": "LPPA-PDU-Contents.OTDOAInformationFailure-IEs", "target": "LPPA-Containers.LPPA-PROTOCOL-IES", "value": 1},
    {"source": "LPPA-PDU-Contents.OTDOAInformationFailure-IEs", "target": "LPPA-IEs.CriticalityDiagnostics", "value": 1},
    {"source": "LPPA-PDU-Contents.OTDOAInformationFailure-IEs", "target": "LPPA-IEs.Cause", "value": 1},
    {"source": "LPPA-PDU-Contents.UTDOAInformationFailure-IEs", "target": "LPPA-Containers.LPPA-PROTOCOL-IES", "value": 1},
    {"source": "LPPA-PDU-Contents.UTDOAInformationFailure-IEs", "target": "LPPA-IEs.CriticalityDiagnostics", "value": 1},
    {"source": "LPPA-PDU-Contents.UTDOAInformationFailure-IEs", "target": "LPPA-IEs.Cause", "value": 1},
    {"source": "LPPA-Constants.id-assistanceInformationControl", "target": "LPPA-CommonDataTypes.ProcedureCode", "value": 1},
    {"source": "LPPA-PDU-Descriptions.LPPA-ELEMENTARY-PROCEDURES-CLASS-1", "target": "LPPA-PDU-Descriptions.e-CIDMeasurementInitiation", "value": 1},
    {"source": "LPPA-PDU-Descriptions.LPPA-ELEMENTARY-PROCEDURES-CLASS-1", "target": "LPPA-PDU-Descriptions.oTDOAInformationExchange", "value": 1},
    {"source": "LPPA-PDU-Descriptions.LPPA-ELEMENTARY-PROCEDURES-CLASS-1", "target": "LPPA-PDU-Descriptions.uTDOAInformationExchange", "value": 1},
    {"source": "LPPA-PDU-Descriptions.LPPA-ELEMENTARY-PROCEDURES-CLASS-1", "target": "LPPA-PDU-Descriptions.LPPA-ELEMENTARY-PROCEDURE", "value": 1},
    {"source": "LPPA-Containers.ProtocolIE-FieldPair", "target": "LPPA-Containers.LPPA-PROTOCOL-IES-PAIR", "value": 1},
    {"source": "LPPA-Containers.ProtocolIE-FieldPair", "target": "LPPA-Containers.LPPA-PROTOCOL-IES-PAIR", "value": 1},
    {"source": "LPPA-Containers.ProtocolIE-FieldPair", "target": "LPPA-Containers.LPPA-PROTOCOL-IES-PAIR", "value": 1},
    {"source": "LPPA-Containers.ProtocolIE-FieldPair", "target": "LPPA-Containers.LPPA-PROTOCOL-IES-PAIR", "value": 1},
    {"source": "LPPA-Containers.ProtocolIE-FieldPair", "target": "LPPA-Containers.LPPA-PROTOCOL-IES-PAIR", "value": 1},
    {"source": "LPPA-Containers.ProtocolIE-FieldPair", "target": "LPPA-Containers.LPPA-PROTOCOL-IES-PAIR", "value": 1},
    {"source": "LPPA-PDU-Contents.E-CIDMeasurementInitiationRequest", "target": "LPPA-PDU-Contents.E-CIDMeasurementInitiationRequest-IEs", "value": 1},
    {"source": "LPPA-PDU-Contents.E-CIDMeasurementInitiationRequest", "target": "LPPA-Containers.ProtocolIE-Container", "value": 1},
    {"source": "LPPA-Constants.id-NR-CGI", "target": "LPPA-CommonDataTypes.ProtocolIE-ID", "value": 1},
    {"source": "LPPA-IEs.OTDOACells-ExtIEs", "target": "LPPA-Containers.LPPA-PROTOCOL-EXTENSION", "value": 1},
    {"source": "LPPA-Constants.id-AddOTDOACells", "target": "LPPA-CommonDataTypes.ProtocolIE-ID", "value": 1},
    {"source": "LPPA-IEs.ResultNR-Item", "target": "LPPA-IEs.NRARFCN", "value": 1},
    {"source": "LPPA-IEs.ResultNR-Item", "target": "LPPA-IEs.SS-NRRSRQ", "value": 1},
    {"source": "LPPA-IEs.ResultNR-Item", "target": "LPPA-IEs.SS-NRRSRP", "value": 1},
    {"source": "LPPA-IEs.ResultNR-Item", "target": "LPPA-IEs.ResultNR-Item-ExtIEs", "value": 1},
    {"source": "LPPA-IEs.ResultNR-Item", "target": "LPPA-IEs.NRPCI", "value": 1},
    {"source": "LPPA-IEs.ResultNR-Item", "target": "LPPA-Containers.ProtocolExtensionContainer", "value": 1},
    {"source": "LPPA-IEs.MeasurementQuantities-Item", "target": "LPPA-IEs.MeasurementQuantitiesValue-ExtIEs", "value": 1},
    {"source": "LPPA-IEs.MeasurementQuantities-Item", "target": "LPPA-Containers.ProtocolExtensionContainer", "value": 1},
    {"source": "LPPA-IEs.MeasurementQuantities-Item", "target": "LPPA-IEs.MeasurementQuantitiesValue", "value": 1},
    {"source": "LPPA-PDU-Contents.OTDOA-Information-TypeIEs", "target": "LPPA-PDU-Contents.OTDOA-Information-Type-Item", "value": 1},
    {"source": "LPPA-PDU-Contents.OTDOA-Information-TypeIEs", "target": "LPPA-Containers.LPPA-PROTOCOL-IES", "value": 1},
    {"source": "LPPA-Constants.id-E-SMLC-UE-Measurement-ID", "target": "LPPA-CommonDataTypes.ProtocolIE-ID", "value": 1},
    {"source": "LPPA-Constants.id-eNB-UE-Measurement-ID", "target": "LPPA-CommonDataTypes.ProtocolIE-ID", "value": 1},
    {"source": "LPPA-Constants.id-e-CIDMeasurementInitiation", "target": "LPPA-CommonDataTypes.ProcedureCode", "value": 1},
    {"source": "LPPA-IEs.PosSIBs-ExtIEs", "target": "LPPA-Containers.LPPA-PROTOCOL-EXTENSION", "value": 1},
    {"source": "LPPA-IEs.ResultGERAN-Item-ExtIEs", "target": "LPPA-Containers.LPPA-PROTOCOL-EXTENSION", "value": 1},
    {"source": "LPPA-PDU-Descriptions.uTDOAInformationUpdate", "target": "LPPA-PDU-Contents.UTDOAInformationUpdate", "value": 1},
    {"source": "LPPA-PDU-Descriptions.uTDOAInformationUpdate", "target": "LPPA-PDU-Descriptions.LPPA-ELEMENTARY-PROCEDURE", "value": 1},
    {"source": "LPPA-IEs.MeasurementQuantitiesValue-ExtIEs", "target": "LPPA-Containers.LPPA-PROTOCOL-EXTENSION", "value": 1},
    {"source": "LPPA-PDU-Contents.E-CIDMeasurementFailureIndication-IEs", "target": "LPPA-IEs.Cause", "value": 1},
    {"source": "LPPA-PDU-Contents.E-CIDMeasurementFailureIndication-IEs", "target": "LPPA-Containers.LPPA-PROTOCOL-IES", "value": 1},
    {"source": "LPPA-PDU-Contents.E-CIDMeasurementFailureIndication-IEs", "target": "LPPA-IEs.Measurement-ID", "value": 1},
    {"source": "LPPA-IEs.CriticalityDiagnostics", "target": "LPPA-IEs.CriticalityDiagnostics-IE-List", "value": 1},
    {"source": "LPPA-IEs.CriticalityDiagnostics", "target": "LPPA-CommonDataTypes.ProcedureCode", "value": 1},
    {"source": "LPPA-IEs.CriticalityDiagnostics", "target": "LPPA-CommonDataTypes.Criticality", "value": 1},
    {"source": "LPPA-IEs.CriticalityDiagnostics", "target": "LPPA-Containers.ProtocolExtensionContainer", "value": 1},
    {"source": "LPPA-IEs.CriticalityDiagnostics", "target": "LPPA-IEs.CriticalityDiagnostics-ExtIEs", "value": 1},
    {"source": "LPPA-IEs.CriticalityDiagnostics", "target": "LPPA-CommonDataTypes.TriggeringMessage", "value": 1},
    {"source": "LPPA-IEs.CriticalityDiagnostics", "target": "LPPA-CommonDataTypes.LPPATransactionID", "value": 1},
    {"source": "LPPA-Constants.id-e-CIDMeasurementFailureIndication", "target": "LPPA-CommonDataTypes.ProcedureCode", "value": 1},
    {"source": "LPPA-PDU-Contents.E-CIDMeasurementTerminationCommand", "target": "LPPA-PDU-Contents.E-CIDMeasurementTerminationCommand-IEs", "value": 1},
    {"source": "LPPA-PDU-Contents.E-CIDMeasurementTerminationCommand", "target": "LPPA-Containers.ProtocolIE-Container", "value": 1},
    {"source": "LPPA-IEs.PosSIB-Segments", "target": "LPPA-Containers.ProtocolExtensionContainer", "value": 1},
    {"source": "LPPA-IEs.PosSIB-Segments", "target": "LPPA-IEs.PosSIB-Segments-ExtIEs", "value": 1},
    {"source": "LPPA-IEs.PosSIB-Segments", "target": "LPPA-Constants.maxNrOfSegments", "value": 1},
    {"source": "LPPA-Containers.ProtocolIE-ContainerList", "target": "LPPA-Containers.LPPA-PROTOCOL-IES", "value": 1},
    {"source": "LPPA-Containers.ProtocolIE-ContainerList", "target": "LPPA-Containers.ProtocolIE-Container", "value": 1},
    {"source": "LPPA-Constants.id-ULConfiguration", "target": "LPPA-CommonDataTypes.ProtocolIE-ID", "value": 1},
    {"source": "LPPA-PDU-Descriptions.assistanceInformationControl", "target": "LPPA-PDU-Contents.AssistanceInformationControl", "value": 1},
    {"source": "LPPA-PDU-Descriptions.assistanceInformationControl", "target": "LPPA-PDU-Descriptions.LPPA-ELEMENTARY-PROCEDURE", "value": 1},
    {"source": "LPPA-Constants.id-MeasurementQuantities", "target": "LPPA-CommonDataTypes.ProtocolIE-ID", "value": 1},
    {"source": "LPPA-Constants.id-errorIndication", "target": "LPPA-CommonDataTypes.ProcedureCode", "value": 1},
    {"source": "LPPA-IEs.MeasuredResults", "target": "LPPA-IEs.MeasuredResultsValue", "value": 1},
    {"source": "LPPA-IEs.MeasuredResults", "target": "LPPA-Constants.maxNoMeas", "value": 1},
    {"source": "LPPA-PDU-Contents.AssistanceInformationControl-IEs", "target": "LPPA-IEs.Assistance-Information", "value": 1},
    {"source": "LPPA-PDU-Contents.AssistanceInformationControl-IEs", "target": "LPPA-IEs.Broadcast", "value": 1},
    {"source": "LPPA-PDU-Contents.AssistanceInformationControl-IEs", "target": "LPPA-Containers.LPPA-PROTOCOL-IES", "value": 1},
    {"source": "LPPA-IEs.ResultNR", "target": "LPPA-Constants.maxNRmeas", "value": 1},
    {"source": "LPPA-IEs.ResultNR", "target": "LPPA-IEs.ResultNR-Item", "value": 1},
    {"source": "LPPA-Constants.id-InterRATMeasurementQuantities-Item", "target": "LPPA-CommonDataTypes.ProtocolIE-ID", "value": 1},
    {"source": "LPPA-IEs.ResultUTRAN-Item-ExtIEs", "target": "LPPA-Containers.LPPA-PROTOCOL-EXTENSION", "value": 1},
    {"source": "LPPA-Constants.id-OTDOACells", "target": "LPPA-CommonDataTypes.ProtocolIE-ID", "value": 1},
    {"source": "LPPA-Constants.id-ResultsPerSSB-Index-Item", "target": "LPPA-CommonDataTypes.ProtocolIE-ID", "value": 1},
    {"source": "LPPA-CommonDataTypes.PrivateIE-ID", "target": "LPPA-CommonDataTypes.maxPrivateIEs", "value": 1},
    {"source": "LPPA-Constants.id-assistanceInformationFeedback", "target": "LPPA-CommonDataTypes.ProcedureCode", "value": 1},
    {"source": "LPPA-Containers.ProtocolIE-Field", "target": "LPPA-Containers.LPPA-PROTOCOL-IES", "value": 1},
    {"source": "LPPA-Containers.ProtocolIE-Field", "target": "LPPA-Containers.LPPA-PROTOCOL-IES", "value": 1},
    {"source": "LPPA-Containers.ProtocolIE-Field", "target": "LPPA-Containers.LPPA-PROTOCOL-IES", "value": 1},
    {"source": "LPPA-Containers.ProtocolIE-Field", "target": "LPPA-Containers.LPPA-PROTOCOL-IES", "value": 1},
    {"source": "LPPA-Constants.id-E-CID-MeasurementResult", "target": "LPPA-CommonDataTypes.ProtocolIE-ID", "value": 1},
    {"source": "LPPA-PDU-Descriptions.SuccessfulOutcome", "target": "LPPA-PDU-Descriptions.LPPA-ELEMENTARY-PROCEDURE", "value": 1},
    {"source": "LPPA-PDU-Descriptions.SuccessfulOutcome", "target": "LPPA-PDU-Descriptions.LPPA-ELEMENTARY-PROCEDURE", "value": 1},
    {"source": "LPPA-PDU-Descriptions.SuccessfulOutcome", "target": "LPPA-PDU-Descriptions.LPPA-ELEMENTARY-PROCEDURE", "value": 1},
    {"source": "LPPA-PDU-Descriptions.SuccessfulOutcome", "target": "LPPA-PDU-Descriptions.LPPA-ELEMENTARY-PROCEDURES", "value": 1},
    {"source": "LPPA-PDU-Descriptions.SuccessfulOutcome", "target": "LPPA-CommonDataTypes.LPPATransactionID", "value": 1},
    {"source": "LPPA-PDU-Contents.E-CIDMeasurementTerminationCommand-IEs", "target": "LPPA-Containers.LPPA-PROTOCOL-IES", "value": 1},
    {"source": "LPPA-PDU-Contents.E-CIDMeasurementTerminationCommand-IEs", "target": "LPPA-IEs.Measurement-ID", "value": 1},
    {"source": "LPPA-Constants.id-InterRATMeasurementQuantities", "target": "LPPA-CommonDataTypes.ProtocolIE-ID", "value": 1},
    {"source": "LPPA-PDU-Contents.UTDOAInformationUpdate", "target": "LPPA-Containers.ProtocolIE-Container", "value": 1},
    {"source": "LPPA-PDU-Contents.UTDOAInformationUpdate", "target": "LPPA-PDU-Contents.UTDOAInformationUpdate-IEs", "value": 1},
    {"source": "LPPA-Containers.ProtocolIE-ContainerPair", "target": "LPPA-Containers.LPPA-PROTOCOL-IES-PAIR", "value": 1},
    {"source": "LPPA-Containers.ProtocolIE-ContainerPair", "target": "LPPA-Containers.ProtocolIE-FieldPair", "value": 1},
    {"source": "LPPA-Containers.ProtocolIE-ContainerPair", "target": "LPPA-CommonDataTypes.maxProtocolIEs", "value": 1},
    {"source": "LPPA-IEs.SRSConfigurationForOneCell", "target": "LPPA-IEs.PCI", "value": 1},
    {"source": "LPPA-IEs.SRSConfigurationForOneCell", "target": "LPPA-IEs.EARFCN", "value": 1},
    {"source": "LPPA-IEs.SRSConfigurationForOneCell", "target": "LPPA-IEs.CPLength", "value": 1},
    {"source": "LPPA-IEs.SRSConfigurationForOneCell", "target": "LPPA-IEs.SFNInitialisationTime", "value": 1},
    {"source": "LPPA-IEs.ECGI-ExtIEs", "target": "LPPA-Containers.LPPA-PROTOCOL-EXTENSION", "value": 1},
    {"source": "LPPA-PDU-Contents.PrivateMessage-IEs", "target": "LPPA-Containers.LPPA-PRIVATE-IES", "value": 1},
    {"source": "LPPA-IEs.InterRATMeasurementQuantitiesValue-ExtIEs", "target": "LPPA-Containers.LPPA-PROTOCOL-EXTENSION", "value": 1},
    {"source": "LPPA-Containers.LPPA-PROTOCOL-EXTENSION", "target": "LPPA-CommonDataTypes.Presence", "value": 1},
    {"source": "LPPA-Containers.LPPA-PROTOCOL-EXTENSION", "target": "LPPA-CommonDataTypes.ProtocolIE-ID", "value": 1},
    {"source": "LPPA-Containers.LPPA-PROTOCOL-EXTENSION", "target": "LPPA-CommonDataTypes.Criticality", "value": 1},
    {"source": "LPPA-PDU-Descriptions.e-CIDMeasurementInitiation", "target": "LPPA-PDU-Contents.E-CIDMeasurementInitiationFailure", "value": 1},
    {"source": "LPPA-PDU-Descriptions.e-CIDMeasurementInitiation", "target": "LPPA-PDU-Contents.E-CIDMeasurementInitiationResponse", "value": 1},
    {"source": "LPPA-PDU-Descriptions.e-CIDMeasurementInitiation", "target": "LPPA-PDU-Contents.E-CIDMeasurementInitiationRequest", "value": 1},
    {"source": "LPPA-PDU-Descriptions.e-CIDMeasurementInitiation", "target": "LPPA-PDU-Descriptions.LPPA-ELEMENTARY-PROCEDURE", "value": 1},
    {"source": "LPPA-PDU-Contents.UTDOAInformationFailure", "target": "LPPA-Containers.ProtocolIE-Container", "value": 1},
    {"source": "LPPA-PDU-Contents.UTDOAInformationFailure", "target": "LPPA-PDU-Contents.UTDOAInformationFailure-IEs", "value": 1},
    {"source": "LPPA-Constants.id-ReportCharacteristics", "target": "LPPA-CommonDataTypes.ProtocolIE-ID", "value": 1},
    {"source": "LPPA-PDU-Contents.OTDOA-Information-Type-Item", "target": "LPPA-PDU-Contents.OTDOA-Information-Type-ItemExtIEs", "value": 1},
    {"source": "LPPA-PDU-Contents.OTDOA-Information-Type-Item", "target": "LPPA-IEs.OTDOA-Information-Item", "value": 1},
    {"source": "LPPA-PDU-Contents.OTDOA-Information-Type-Item", "target": "LPPA-Containers.ProtocolExtensionContainer", "value": 1},
    {"source": "LPPA-PDU-Contents.OTDOAInformationRequest", "target": "LPPA-PDU-Contents.OTDOAInformationRequest-IEs", "value": 1},
    {"source": "LPPA-PDU-Contents.OTDOAInformationRequest", "target": "LPPA-Containers.ProtocolIE-Container", "value": 1},
    {"source": "LPPA-IEs.CriticalityDiagnostics-ExtIEs", "target": "LPPA-Containers.LPPA-PROTOCOL-EXTENSION", "value": 1},
    {"source": "LPPA-PDU-Contents.ErrorIndication-IEs", "target": "LPPA-Containers.LPPA-PROTOCOL-IES", "value": 1},
    {"source": "LPPA-PDU-Contents.ErrorIndication-IEs", "target": "LPPA-IEs.CriticalityDiagnostics", "value": 1},
    {"source": "LPPA-PDU-Contents.ErrorIndication-IEs", "target": "LPPA-IEs.Cause", "value": 1},
    {"source": "LPPA-Containers.ProtocolIE-Single-Container", "target": "LPPA-Containers.ProtocolIE-Field", "value": 1},
    {"source": "LPPA-Containers.ProtocolIE-Single-Container", "target": "LPPA-Containers.LPPA-PROTOCOL-IES", "value": 1},
    {"source": "LPPA-IEs.MeasuredResultsValue", "target": "LPPA-IEs.ResultRSRP", "value": 1},
    {"source": "LPPA-IEs.MeasuredResultsValue", "target": "LPPA-IEs.ResultRSRQ", "value": 1},
    {"source": "LPPA-PDU-Contents.E-CIDMeasurementInitiationRequest-IEs", "target": "LPPA-IEs.WLANMeasurementQuantities", "value": 1},
    {"source": "LPPA-PDU-Contents.E-CIDMeasurementInitiationRequest-IEs", "target": "LPPA-Containers.LPPA-PROTOCOL-IES", "value": 1},
    {"source": "LPPA-PDU-Contents.E-CIDMeasurementInitiationRequest-IEs", "target": "LPPA-IEs.MeasurementQuantities", "value": 1},
    {"source": "LPPA-PDU-Contents.E-CIDMeasurementInitiationRequest-IEs", "target": "LPPA-IEs.ReportCharacteristics", "value": 1},
    {"source": "LPPA-PDU-Contents.E-CIDMeasurementInitiationRequest-IEs", "target": "LPPA-IEs.Measurement-ID", "value": 1},
    {"source": "LPPA-PDU-Contents.E-CIDMeasurementInitiationRequest-IEs", "target": "LPPA-IEs.InterRATMeasurementQuantities", "value": 1},
    {"source": "LPPA-PDU-Contents.E-CIDMeasurementInitiationRequest-IEs", "target": "LPPA-IEs.MeasurementPeriodicity", "value": 1},
    {"source": "LPPA-IEs.TDDConfiguration", "target": "LPPA-IEs.TDDConfiguration-ExtIEs", "value": 1},
    {"source": "LPPA-IEs.TDDConfiguration", "target": "LPPA-Containers.ProtocolExtensionContainer", "value": 1},
    {"source": "LPPA-IEs.SystemInformation-ExtIEs", "target": "LPPA-Containers.LPPA-PROTOCOL-EXTENSION", "value": 1},
    {"source": "LPPA-IEs.AssistanceInformationMetaData-ExtIEs", "target": "LPPA-Containers.LPPA-PROTOCOL-EXTENSION", "value": 1},
    {"source": "LPPA-PDU-Contents.OTDOA-Information-Type", "target": "LPPA-Constants.maxnoOTDOAtypes", "value": 1},
    {"source": "LPPA-PDU-Contents.OTDOA-Information-Type", "target": "LPPA-PDU-Contents.OTDOA-Information-TypeIEs", "value": 1},
    {"source": "LPPA-PDU-Contents.OTDOA-Information-Type", "target": "LPPA-Containers.ProtocolIE-Single-Container", "value": 1},
    {"source": "LPPA-IEs.InterRATMeasurementQuantities", "target": "LPPA-IEs.InterRATMeasurementQuantities-ItemIEs", "value": 1},
    {"source": "LPPA-IEs.InterRATMeasurementQuantities", "target": "LPPA-Constants.maxNoMeas", "value": 1},
    {"source": "LPPA-IEs.InterRATMeasurementQuantities", "target": "LPPA-Containers.ProtocolIE-Single-Container", "value": 1},
    {"source": "LPPA-PDU-Contents.AssistanceInformationFeedback-IEs", "target": "LPPA-Containers.LPPA-PROTOCOL-IES", "value": 1},
    {"source": "LPPA-PDU-Contents.AssistanceInformationFeedback-IEs", "target": "LPPA-IEs.CriticalityDiagnostics", "value": 1},
    {"source": "LPPA-PDU-Contents.AssistanceInformationFeedback-IEs", "target": "LPPA-IEs.AssistanceInformationFailureList", "value": 1},
    {"source": "LPPA-Constants.id-WLANMeasurementQuantities", "target": "LPPA-CommonDataTypes.ProtocolIE-ID", "value": 1},
    {"source": "LPPA-IEs.MeasurementQuantities-ItemIEs", "target": "LPPA-IEs.MeasurementQuantities-Item", "value": 1},
    {"source": "LPPA-IEs.MeasurementQuantities-ItemIEs", "target": "LPPA-Containers.LPPA-PROTOCOL-IES", "value": 1},
    {"source": "LPPA-PDU-Contents.UTDOAInformationResponse", "target": "LPPA-Containers.ProtocolIE-Container", "value": 1},
    {"source": "LPPA-PDU-Contents.UTDOAInformationResponse", "target": "LPPA-PDU-Contents.UTDOAInformationResponse-IEs", "value": 1},
    {"source": "LPPA-IEs.ResultsPerSSB-Index-List", "target": "LPPA-IEs.ResultsPerSSB-Index-Item", "value": 1},
    {"source": "LPPA-IEs.ResultsPerSSB-Index-List", "target": "LPPA-Constants.maxResultsPerSSBIndex", "value": 1},
    {"source": "LPPA-PDU-Descriptions.errorIndication", "target": "LPPA-PDU-Contents.ErrorIndication", "value": 1},
    {"source": "LPPA-PDU-Descriptions.errorIndication", "target": "LPPA-PDU-Descriptions.LPPA-ELEMENTARY-PROCEDURE", "value": 1},
    {"source": "LPPA-Containers.ProtocolIE-ContainerPairList", "target": "LPPA-Containers.LPPA-PROTOCOL-IES-PAIR", "value": 1},
    {"source": "LPPA-Containers.ProtocolIE-ContainerPairList", "target": "LPPA-Containers.ProtocolIE-ContainerPair", "value": 1},
    {"source": "LPPA-IEs.Assistance-Information-ExtIEs", "target": "LPPA-Containers.LPPA-PROTOCOL-EXTENSION", "value": 1},
    {"source": "LPPA-PDU-Contents.OTDOA-Information-Type-ItemExtIEs", "target": "LPPA-Containers.LPPA-PROTOCOL-EXTENSION", "value": 1},
    {"source": "LPPA-Constants.id-AssistanceInformationFailureList", "target": "LPPA-CommonDataTypes.ProtocolIE-ID", "value": 1},
    {"source": "LPPA-IEs.E-CID-MeasurementResult", "target": "LPPA-IEs.E-UTRANAccessPointPosition", "value": 1},
    {"source": "LPPA-IEs.E-CID-MeasurementResult", "target": "LPPA-IEs.TAC", "value": 1},
    {"source": "LPPA-IEs.E-CID-MeasurementResult", "target": "LPPA-IEs.MeasuredResults", "value": 1},
    {"source": "LPPA-IEs.E-CID-MeasurementResult", "target": "LPPA-IEs.ECGI", "value": 1},
    {"source": "LPPA-IEs.ResultRSRQ-Item-ExtIEs", "target": "LPPA-Containers.LPPA-PROTOCOL-EXTENSION", "value": 1},
    {"source": "LPPA-IEs.PRSFrequencyHoppingConfiguration", "target": "LPPA-Constants.maxnoFreqHoppingBandsMinusOne", "value": 1},
    {"source": "LPPA-IEs.PRSFrequencyHoppingConfiguration", "target": "LPPA-IEs.NarrowBandIndex", "value": 1},
    {"source": "LPPA-IEs.PRSFrequencyHoppingConfiguration", "target": "LPPA-IEs.NumberOfFrequencyHoppingBands", "value": 1},
    {"source": "LPPA-IEs.PRSFrequencyHoppingConfiguration", "target": "LPPA-IEs.PRSFrequencyHoppingConfiguration-Item-IEs", "value": 1},
    {"source": "LPPA-IEs.PRSFrequencyHoppingConfiguration", "target": "LPPA-Containers.ProtocolExtensionContainer", "value": 1},
    {"source": "LPPA-IEs.WLANMeasurementResult-Item-ExtIEs", "target": "LPPA-Containers.LPPA-PROTOCOL-EXTENSION", "value": 1},
    {"source": "LPPA-IEs.AssistanceInformationMetaData", "target": "LPPA-IEs.AssistanceInformationMetaData-ExtIEs", "value": 1},
    {"source": "LPPA-IEs.AssistanceInformationMetaData", "target": "LPPA-Containers.ProtocolExtensionContainer", "value": 1},
    {"source": "LPPA-IEs.MBSFNsubframeConfiguration", "target": "LPPA-Constants.maxMBSFN-Allocations", "value": 1},
    {"source": "LPPA-IEs.MBSFNsubframeConfiguration", "target": "LPPA-IEs.MBSFNsubframeConfigurationValue", "value": 1},
    {"source": "LPPA-Containers.ProtocolExtensionContainer", "target": "LPPA-Containers.ProtocolExtensionField", "value": 1},
    {"source": "LPPA-Containers.ProtocolExtensionContainer", "target": "LPPA-CommonDataTypes.maxProtocolExtensions", "value": 1},
    {"source": "LPPA-Containers.ProtocolExtensionContainer", "target": "LPPA-Containers.LPPA-PROTOCOL-EXTENSION", "value": 1},
    {"source": "LPPA-IEs.ResultsPerSSB-Index-Item", "target": "LPPA-Containers.ProtocolExtensionContainer", "value": 1},
    {"source": "LPPA-IEs.ResultsPerSSB-Index-Item", "target": "LPPA-IEs.SS-NRRSRQ", "value": 1},
    {"source": "LPPA-IEs.ResultsPerSSB-Index-Item", "target": "LPPA-IEs.SSB-Index", "value": 1},
    {"source": "LPPA-IEs.ResultsPerSSB-Index-Item", "target": "LPPA-IEs.SS-NRRSRP", "value": 1},
    {"source": "LPPA-IEs.ResultsPerSSB-Index-Item", "target": "LPPA-IEs.ResultsPerSSB-Index-Item-ExtIEs", "value": 1},
    {"source": "LPPA-Constants.id-e-CIDMeasurementReport", "target": "LPPA-CommonDataTypes.ProcedureCode", "value": 1},
    {"source": "LPPA-IEs.OTDOACell-Information-Item", "target": "LPPA-IEs.RepetitionNumberofSIB1-NB", "value": 1},
    {"source": "LPPA-IEs.OTDOACell-Information-Item", "target": "LPPA-IEs.CPLength", "value": 1},
    {"source": "LPPA-IEs.OTDOACell-Information-Item", "target": "LPPA-IEs.NPRSSequenceInfo", "value": 1},
    {"source": "LPPA-IEs.OTDOACell-Information-Item", "target": "LPPA-IEs.EARFCN", "value": 1},
    {"source": "LPPA-IEs.OTDOACell-Information-Item", "target": "LPPA-IEs.TP-Type", "value": 1},
    {"source": "LPPA-IEs.OTDOACell-Information-Item", "target": "LPPA-IEs.PRS-Bandwidth", "value": 1},
    {"source": "LPPA-IEs.OTDOACell-Information-Item", "target": "LPPA-IEs.ECGI", "value": 1},
    {"source": "LPPA-IEs.OTDOACell-Information-Item", "target": "LPPA-IEs.OperationModeInfo", "value": 1},
    {"source": "LPPA-IEs.OTDOACell-Information-Item", "target": "LPPA-IEs.E-UTRANAccessPointPosition", "value": 1},
    {"source": "LPPA-IEs.OTDOACell-Information-Item", "target": "LPPA-IEs.SFNInitialisationTime", "value": 1},
    {"source": "LPPA-IEs.OTDOACell-Information-Item", "target": "LPPA-IEs.PRSOccasionGroup", "value": 1},
    {"source": "LPPA-IEs.OTDOACell-Information-Item", "target": "LPPA-IEs.DL-Bandwidth", "value": 1},
    {"source": "LPPA-IEs.OTDOACell-Information-Item", "target": "LPPA-IEs.TAC", "value": 1},
    {"source": "LPPA-IEs.OTDOACell-Information-Item", "target": "LPPA-IEs.MBSFNsubframeConfiguration", "value": 1},
    {"source": "LPPA-IEs.OTDOACell-Information-Item", "target": "LPPA-IEs.NumberOfDlFrames-Extended", "value": 1},
    {"source": "LPPA-IEs.OTDOACell-Information-Item", "target": "LPPA-IEs.PRSFrequencyHoppingConfiguration", "value": 1},
    {"source": "LPPA-IEs.OTDOACell-Information-Item", "target": "LPPA-IEs.PRS-ID", "value": 1},
    {"source": "LPPA-IEs.OTDOACell-Information-Item", "target": "LPPA-IEs.NPRSConfiguration", "value": 1},
    {"source": "LPPA-IEs.OTDOACell-Information-Item", "target": "LPPA-IEs.NumberOfAntennaPorts", "value": 1},
    {"source": "LPPA-IEs.OTDOACell-Information-Item", "target": "LPPA-IEs.TDDConfiguration", "value": 1},
    {"source": "LPPA-IEs.OTDOACell-Information-Item", "target": "LPPA-IEs.PRS-Configuration-Index", "value": 1},
    {"source": "LPPA-IEs.OTDOACell-Information-Item", "target": "LPPA-IEs.OffsetNBChanneltoEARFCN", "value": 1},
    {"source": "LPPA-IEs.OTDOACell-Information-Item", "target": "LPPA-IEs.PCI", "value": 1},
    {"source": "LPPA-IEs.OTDOACell-Information-Item", "target": "LPPA-IEs.NumberOfDlFrames", "value": 1},
    {"source": "LPPA-IEs.OTDOACell-Information-Item", "target": "LPPA-IEs.PRSMutingConfiguration", "value": 1},
    {"source": "LPPA-IEs.OTDOACell-Information-Item", "target": "LPPA-IEs.TP-ID", "value": 1},
    {"source": "LPPA-CommonDataTypes.ProtocolIE-ID", "target": "LPPA-CommonDataTypes.maxProtocolIEs", "value": 1},
    {"source": "LPPA-Constants.id-Cell-Portion-ID", "target": "LPPA-CommonDataTypes.ProtocolIE-ID", "value": 1},
    {"source": "LPPA-IEs.Cause", "target": "LPPA-IEs.CauseRadioNetwork", "value": 1},
    {"source": "LPPA-IEs.Cause", "target": "LPPA-IEs.CauseProtocol", "value": 1},
    {"source": "LPPA-IEs.Cause", "target": "LPPA-IEs.CauseMisc", "value": 1},
    {"source": "LPPA-IEs.InterRATMeasurementQuantities-Item", "target": "LPPA-IEs.InterRATMeasurementQuantitiesValue", "value": 1},
    {"source": "LPPA-IEs.InterRATMeasurementQuantities-Item", "target": "LPPA-IEs.InterRATMeasurementQuantitiesValue-ExtIEs", "value": 1},
    {"source": "LPPA-IEs.InterRATMeasurementQuantities-Item", "target": "LPPA-Containers.ProtocolExtensionContainer", "value": 1},
    {"source": "LPPA-PDU-Descriptions.e-CIDMeasurementReport", "target": "LPPA-PDU-Contents.E-CIDMeasurementReport", "value": 1},
    {"source": "LPPA-PDU-Descriptions.e-CIDMeasurementReport", "target": "LPPA-PDU-Descriptions.LPPA-ELEMENTARY-PROCEDURE", "value": 1},
    {"source": "LPPA-Containers.ProtocolIE-Container", "target": "LPPA-Containers.ProtocolIE-Field", "value": 1},
    {"source": "LPPA-Containers.ProtocolIE-Container", "target": "LPPA-Containers.LPPA-PROTOCOL-IES", "value": 1},
    {"source": "LPPA-Containers.ProtocolIE-Container", "target": "LPPA-CommonDataTypes.maxProtocolIEs", "value": 1},
    {"source": "LPPA-PDU-Descriptions.LPPA-ELEMENTARY-PROCEDURE", "target": "LPPA-CommonDataTypes.ProcedureCode", "value": 1},
    {"source": "LPPA-PDU-Descriptions.LPPA-ELEMENTARY-PROCEDURE", "target": "LPPA-CommonDataTypes.Criticality", "value": 1},
    {"source": "LPPA-PDU-Contents.E-CIDMeasurementInitiationResponse", "target": "LPPA-PDU-Contents.E-CIDMeasurementInitiationResponse-IEs", "value": 1},
    {"source": "LPPA-PDU-Contents.E-CIDMeasurementInitiationResponse", "target": "LPPA-Containers.ProtocolIE-Container", "value": 1},
    {"source": "LPPA-PDU-Contents.UTDOAInformationRequest-IEs", "target": "LPPA-IEs.RequestedSRSTransmissionCharacteristics", "value": 1},
    {"source": "LPPA-PDU-Contents.UTDOAInformationRequest-IEs", "target": "LPPA-Containers.LPPA-PROTOCOL-IES", "value": 1},
    {"source": "LPPA-Constants.id-e-CIDMeasurementTermination", "target": "LPPA-CommonDataTypes.ProcedureCode", "value": 1},
    {"source": "LPPA-PDU-Descriptions.oTDOAInformationExchange", "target": "LPPA-PDU-Contents.OTDOAInformationResponse", "value": 1},
    {"source": "LPPA-PDU-Descriptions.oTDOAInformationExchange", "target": "LPPA-PDU-Contents.OTDOAInformationRequest", "value": 1},
    {"source": "LPPA-PDU-Descriptions.oTDOAInformationExchange", "target": "LPPA-PDU-Contents.OTDOAInformationFailure", "value": 1},
    {"source": "LPPA-PDU-Descriptions.oTDOAInformationExchange", "target": "LPPA-PDU-Descriptions.LPPA-ELEMENTARY-PROCEDURE", "value": 1},
    {"source": "LPPA-Constants.id-WLANMeasurementResult", "target": "LPPA-CommonDataTypes.ProtocolIE-ID", "value": 1},
    {"source": "LPPA-IEs.InterRATMeasurementQuantities-ItemIEs", "target": "LPPA-IEs.InterRATMeasurementQuantities-Item", "value": 1},
    {"source": "LPPA-IEs.InterRATMeasurementQuantities-ItemIEs", "target": "LPPA-Containers.LPPA-PROTOCOL-IES", "value": 1},
    {"source": "LPPA-IEs.ResultRSRP-Item-ExtIEs", "target": "LPPA-Containers.LPPA-PROTOCOL-EXTENSION", "value": 1},
    {"source": "LPPA-IEs.Assistance-Information", "target": "LPPA-IEs.SystemInformation", "value": 1},
    {"source": "LPPA-IEs.Assistance-Information", "target": "LPPA-IEs.Assistance-Information-ExtIEs", "value": 1},
    {"source": "LPPA-IEs.Assistance-Information", "target": "LPPA-Containers.ProtocolExtensionContainer", "value": 1},
    {"source": "LPPA-IEs.Add-OTDOACells", "target": "LPPA-IEs.Add-OTDOACells-ExtIEs", "value": 1},
    {"source": "LPPA-IEs.Add-OTDOACells", "target": "LPPA-Constants.maxCellineNB-ext", "value": 1},
    {"source": "LPPA-IEs.Add-OTDOACells", "target": "LPPA-IEs.Add-OTDOACell-Information", "value": 1},
    {"source": "LPPA-IEs.Add-OTDOACells", "target": "LPPA-Containers.ProtocolExtensionContainer", "value": 1},
    {"source": "LPPA-PDU-Contents.AssistanceInformationFeedback", "target": "LPPA-Containers.ProtocolIE-Container", "value": 1},
    {"source": "LPPA-PDU-Contents.AssistanceInformationFeedback", "target": "LPPA-PDU-Contents.AssistanceInformationFeedback-IEs", "value": 1},
    {"source": "LPPA-Containers.LPPA-PROTOCOL-IES-PAIR", "target": "LPPA-CommonDataTypes.Presence", "value": 1},
    {"source": "LPPA-Containers.LPPA-PROTOCOL-IES-PAIR", "target": "LPPA-CommonDataTypes.ProtocolIE-ID", "value": 1},
    {"source": "LPPA-Containers.LPPA-PROTOCOL-IES-PAIR", "target": "LPPA-CommonDataTypes.Criticality", "value": 1},
    {"source": "LPPA-IEs.ResultUTRAN", "target": "LPPA-Constants.maxUTRANMeas", "value": 1},
    {"source": "LPPA-IEs.ResultUTRAN", "target": "LPPA-IEs.ResultUTRAN-Item", "value": 1},
    {"source": "LPPA-PDU-Contents.E-CIDMeasurementInitiationFailure", "target": "LPPA-PDU-Contents.E-CIDMeasurementInitiationFailure-IEs", "value": 1},
    {"source": "LPPA-PDU-Contents.E-CIDMeasurementInitiationFailure", "target": "LPPA-Containers.ProtocolIE-Container", "value": 1},
    {"source": "LPPA-IEs.AssistanceInformationFailureList-ExtIEs", "target": "LPPA-Containers.LPPA-PROTOCOL-EXTENSION", "value": 1},
    {"source": "LPPA-IEs.ULConfiguration", "target": "LPPA-IEs.PCI", "value": 1},
    {"source": "LPPA-IEs.ULConfiguration", "target": "LPPA-IEs.EARFCN", "value": 1},
    {"source": "LPPA-IEs.ULConfiguration", "target": "LPPA-IEs.SRSConfigurationForAllCells", "value": 1},
    {"source": "LPPA-PDU-Contents.E-CIDMeasurementReport", "target": "LPPA-Containers.ProtocolIE-Container", "value": 1},
    {"source": "LPPA-PDU-Contents.E-CIDMeasurementReport", "target": "LPPA-PDU-Contents.E-CIDMeasurementReport-IEs", "value": 1},
    {"source": "LPPA-IEs.ResultsPerSSB-Index-Item-ExtIEs", "target": "LPPA-Containers.LPPA-PROTOCOL-EXTENSION", "value": 1},
    {"source": "LPPA-IEs.AssistanceInformationFailureList", "target": "LPPA-IEs.Outcome", "value": 1},
    {"source": "LPPA-IEs.AssistanceInformationFailureList", "target": "LPPA-IEs.AssistanceInformationFailureList-ExtIEs", "value": 1},
    {"source": "LPPA-IEs.AssistanceInformationFailureList", "target": "LPPA-Constants.maxnoAssistInfoFailureListItems", "value": 1},
    {"source": "LPPA-IEs.AssistanceInformationFailureList", "target": "LPPA-IEs.PosSIB-Type", "value": 1},
    {"source": "LPPA-IEs.AssistanceInformationFailureList", "target": "LPPA-Containers.ProtocolExtensionContainer", "value": 1},
    {"source": "LPPA-Constants.id-uTDOAInformationUpdate", "target": "LPPA-CommonDataTypes.ProcedureCode", "value": 1},
    {"source": "LPPA-IEs.CriticalityDiagnostics-IE-List", "target": "LPPA-CommonDataTypes.ProtocolIE-ID", "value": 1},
    {"source": "LPPA-IEs.CriticalityDiagnostics-IE-List", "target": "LPPA-CommonDataTypes.Criticality", "value": 1},
    {"source": "LPPA-IEs.CriticalityDiagnostics-IE-List", "target": "LPPA-Constants.maxNrOfErrors", "value": 1},
    {"source": "LPPA-IEs.CriticalityDiagnostics-IE-List", "target": "LPPA-Containers.ProtocolExtensionContainer", "value": 1},
    {"source": "LPPA-IEs.CriticalityDiagnostics-IE-List", "target": "LPPA-IEs.CriticalityDiagnostics-IE-List-ExtIEs", "value": 1},
    {"source": "LPPA-IEs.CriticalityDiagnostics-IE-List", "target": "LPPA-IEs.TypeOfError", "value": 1},
    {"source": "LPPA-IEs.PRSFrequencyHoppingConfiguration-Item-IEs", "target": "LPPA-Containers.LPPA-PROTOCOL-EXTENSION", "value": 1},
    {"source": "LPPA-Constants.id-InterRATMeasurementResult", "target": "LPPA-CommonDataTypes.ProtocolIE-ID", "value": 1},
    {"source": "LPPA-PDU-Contents.OTDOAInformationResponse-IEs", "target": "LPPA-Containers.LPPA-PROTOCOL-IES", "value": 1},
    {"source": "LPPA-PDU-Contents.OTDOAInformationResponse-IEs", "target": "LPPA-IEs.Add-OTDOACells", "value": 1},
    {"source": "LPPA-PDU-Contents.OTDOAInformationResponse-IEs", "target": "LPPA-IEs.CriticalityDiagnostics", "value": 1},
    {"source": "LPPA-PDU-Contents.OTDOAInformationResponse-IEs", "target": "LPPA-IEs.OTDOACells", "value": 1},
    {"source": "LPPA-IEs.WLANMeasurementResult", "target": "LPPA-Constants.maxNoMeas", "value": 1},
    {"source": "LPPA-IEs.WLANMeasurementResult", "target": "LPPA-IEs.WLANMeasurementResult-Item", "value": 1},
    {"source": "LPPA-Constants.id-OTDOA-Information-Type-Item", "target": "LPPA-CommonDataTypes.ProtocolIE-ID", "value": 1},
    {"source": "LPPA-PDU-Descriptions.LPPA-ELEMENTARY-PROCEDURES-CLASS-2", "target": "LPPA-PDU-Descriptions.assistanceInformationFeedback", "value": 1},
    {"source": "LPPA-PDU-Descriptions.LPPA-ELEMENTARY-PROCEDURES-CLASS-2", "target": "LPPA-PDU-Descriptions.e-CIDMeasurementFailureIndication", "value": 1},
    {"source": "LPPA-PDU-Descriptions.LPPA-ELEMENTARY-PROCEDURES-CLASS-2", "target": "LPPA-PDU-Descriptions.e-CIDMeasurementReport", "value": 1},
    {"source": "LPPA-PDU-Descriptions.LPPA-ELEMENTARY-PROCEDURES-CLASS-2", "target": "LPPA-PDU-Descriptions.errorIndication", "value": 1},
    {"source": "LPPA-PDU-Descriptions.LPPA-ELEMENTARY-PROCEDURES-CLASS-2", "target": "LPPA-PDU-Descriptions.LPPA-ELEMENTARY-PROCEDURE", "value": 1},
    {"source": "LPPA-PDU-Descriptions.LPPA-ELEMENTARY-PROCEDURES-CLASS-2", "target": "LPPA-PDU-Descriptions.assistanceInformationControl", "value": 1},
    {"source": "LPPA-PDU-Descriptions.LPPA-ELEMENTARY-PROCEDURES-CLASS-2", "target": "LPPA-PDU-Descriptions.e-CIDMeasurementTermination", "value": 1},
    {"source": "LPPA-PDU-Descriptions.LPPA-ELEMENTARY-PROCEDURES-CLASS-2", "target": "LPPA-PDU-Descriptions.privateMessage", "value": 1},
    {"source": "LPPA-PDU-Descriptions.LPPA-ELEMENTARY-PROCEDURES-CLASS-2", "target": "LPPA-PDU-Descriptions.uTDOAInformationUpdate", "value": 1},
    {"source": "LPPA-IEs.InterRATMeasurementResult", "target": "LPPA-IEs.InterRATMeasuredResultsValue", "value": 1},
    {"source": "LPPA-IEs.InterRATMeasurementResult", "target": "LPPA-Constants.maxNoMeas", "value": 1},
    {"source": "LPPA-PDU-Descriptions.LPPA-PDU", "target": "LPPA-PDU-Descriptions.UnsuccessfulOutcome", "value": 1},
    {"source": "LPPA-PDU-Descriptions.LPPA-PDU", "target": "LPPA-PDU-Descriptions.InitiatingMessage", "value": 1},
    {"source": "LPPA-PDU-Descriptions.LPPA-PDU", "target": "LPPA-PDU-Descriptions.SuccessfulOutcome", "value": 1},
    {"source": "LPPA-IEs.Add-OTDOACells-ExtIEs", "target": "LPPA-Containers.LPPA-PROTOCOL-EXTENSION", "value": 1},
    {"source": "LPPA-IEs.NPRSConfiguration", "target": "LPPA-IEs.NPRSSubframePartA", "value": 1},
    {"source": "LPPA-IEs.NPRSConfiguration", "target": "LPPA-IEs.NPRSSubframePartB", "value": 1},
    {"source": "LPPA-PDU-Contents.PrivateMessage", "target": "LPPA-PDU-Contents.PrivateMessage-IEs", "value": 1},
    {"source": "LPPA-PDU-Contents.PrivateMessage", "target": "LPPA-Containers.PrivateIE-Container", "value": 1},
    {"source": "LPPA-PDU-Descriptions.e-CIDMeasurementFailureIndication", "target": "LPPA-PDU-Contents.E-CIDMeasurementFailureIndication", "value": 1},
    {"source": "LPPA-PDU-Descriptions.e-CIDMeasurementFailureIndication", "target": "LPPA-PDU-Descriptions.LPPA-ELEMENTARY-PROCEDURE", "value": 1},
    {"source": "LPPA-PDU-Contents.E-CIDMeasurementInitiationResponse-IEs", "target": "LPPA-IEs.InterRATMeasurementResult", "value": 1},
    {"source": "LPPA-PDU-Contents.E-CIDMeasurementInitiationResponse-IEs", "target": "LPPA-IEs.Cell-Portion-ID", "value": 1},
    {"source": "LPPA-PDU-Contents.E-CIDMeasurementInitiationResponse-IEs", "target": "LPPA-IEs.CriticalityDiagnostics", "value": 1},
    {"source": "LPPA-PDU-Contents.E-CIDMeasurementInitiationResponse-IEs", "target": "LPPA-IEs.Measurement-ID", "value": 1},
    {"source": "LPPA-PDU-Contents.E-CIDMeasurementInitiationResponse-IEs", "target": "LPPA-Containers.LPPA-PROTOCOL-IES", "value": 1},
    {"source": "LPPA-PDU-Contents.E-CIDMeasurementInitiationResponse-IEs", "target": "LPPA-IEs.WLANMeasurementResult", "value": 1},
    {"source": "LPPA-PDU-Contents.E-CIDMeasurementInitiationResponse-IEs", "target": "LPPA-IEs.E-CID-MeasurementResult", "value": 1},
    {"source": "LPPA-IEs.ResultRSRQ-Item", "target": "LPPA-IEs.EARFCN", "value": 1},
    {"source": "LPPA-IEs.ResultRSRQ-Item", "target": "LPPA-IEs.ValueRSRQ", "value": 1},
    {"source": "LPPA-IEs.ResultRSRQ-Item", "target": "LPPA-IEs.PCI", "value": 1},
    {"source": "LPPA-IEs.ResultRSRQ-Item", "target": "LPPA-IEs.ResultRSRQ-Item-ExtIEs", "value": 1},
    {"source": "LPPA-IEs.ResultRSRQ-Item", "target": "LPPA-Containers.ProtocolExtensionContainer", "value": 1},
    {"source": "LPPA-IEs.ResultRSRQ-Item", "target": "LPPA-IEs.ECGI", "value": 1},
    {"source": "LPPA-Constants.id-WLANMeasurementQuantities-Item", "target": "LPPA-CommonDataTypes.ProtocolIE-ID", "value": 1},
    {"source": "LPPA-PDU-Descriptions.e-CIDMeasurementTermination", "target": "LPPA-PDU-Contents.E-CIDMeasurementTerminationCommand", "value": 1},
    {"source": "LPPA-PDU-Descriptions.e-CIDMeasurementTermination", "target": "LPPA-PDU-Descriptions.LPPA-ELEMENTARY-PROCEDURE", "value": 1},
    {"source": "LPPA-IEs.WLANMeasurementQuantities", "target": "LPPA-Constants.maxNoMeas", "value": 1},
    {"source": "LPPA-IEs.WLANMeasurementQuantities", "target": "LPPA-IEs.WLANMeasurementQuantities-ItemIEs", "value": 1},
    {"source": "LPPA-IEs.WLANMeasurementQuantities", "target": "LPPA-Containers.ProtocolIE-Single-Container", "value": 1},
    {"source": "LPPA-IEs.WLANMeasurementQuantities-ItemIEs", "target": "LPPA-IEs.WLANMeasurementQuantities-Item", "value": 1},
    {"source": "LPPA-IEs.WLANMeasurementQuantities-ItemIEs", "target": "LPPA-Containers.LPPA-PROTOCOL-IES", "value": 1},
    {"source": "LPPA-IEs.ResultRSRQ", "target": "LPPA-IEs.ResultRSRQ-Item", "value": 1},
    {"source": "LPPA-IEs.ResultRSRQ", "target": "LPPA-Constants.maxCellReport", "value": 1},
    {"source": "LPPA-PDU-Contents.UTDOAInformationResponse-IEs", "target": "LPPA-IEs.ULConfiguration", "value": 1},
    {"source": "LPPA-PDU-Contents.UTDOAInformationResponse-IEs", "target": "LPPA-Containers.LPPA-PROTOCOL-IES", "value": 1},
    {"source": "LPPA-PDU-Contents.UTDOAInformationResponse-IEs", "target": "LPPA-IEs.CriticalityDiagnostics", "value": 1},
    {"source": "LPPA-IEs.ResultUTRAN-Item", "target": "LPPA-IEs.ResultUTRAN-Item-ExtIEs", "value": 1},
    {"source": "LPPA-IEs.ResultUTRAN-Item", "target": "LPPA-IEs.PhysCellIDUTRA-TDD", "value": 1},
    {"source": "LPPA-IEs.ResultUTRAN-Item", "target": "LPPA-IEs.UTRA-EcN0", "value": 1},
    {"source": "LPPA-IEs.ResultUTRAN-Item", "target": "LPPA-Containers.ProtocolExtensionContainer", "value": 1},
    {"source": "LPPA-IEs.ResultUTRAN-Item", "target": "LPPA-IEs.UARFCN", "value": 1},
    {"source": "LPPA-IEs.ResultUTRAN-Item", "target": "LPPA-IEs.PhysCellIDUTRA-FDD", "value": 1},
    {"source": "LPPA-IEs.ResultUTRAN-Item", "target": "LPPA-IEs.UTRA-RSCP", "value": 1},
    {"source": "LPPA-PDU-Contents.OTDOAInformationRequest-IEs", "target": "LPPA-Containers.LPPA-PROTOCOL-IES", "value": 1},
    {"source": "LPPA-PDU-Contents.OTDOAInformationRequest-IEs", "target": "LPPA-PDU-Contents.OTDOA-Information-Type", "value": 1},
    {"source": "LPPA-PDU-Contents.UTDOAInformationUpdate-IEs", "target": "LPPA-IEs.ULConfiguration", "value": 1},
    {"source": "LPPA-PDU-Contents.UTDOAInformationUpdate-IEs", "target": "LPPA-Containers.LPPA-PROTOCOL-IES", "value": 1},
    {"source": "LPPA-Constants.id-uTDOAInformationExchange", "target": "LPPA-CommonDataTypes.ProcedureCode", "value": 1},
    {"source": "LPPA-IEs.ECGI", "target": "LPPA-IEs.EUTRANCellIdentifier", "value": 1},
    {"source": "LPPA-IEs.ECGI", "target": "LPPA-Containers.ProtocolExtensionContainer", "value": 1},
    {"source": "LPPA-IEs.ECGI", "target": "LPPA-IEs.PLMN-Identity", "value": 1},
    {"source": "LPPA-IEs.ECGI", "target": "LPPA-IEs.ECGI-ExtIEs", "value": 1},
    {"source": "LPPA-IEs.OTDOACells", "target": "LPPA-Constants.maxCellineNB", "value": 1},
    {"source": "LPPA-IEs.OTDOACells", "target": "LPPA-IEs.OTDOACell-Information", "value": 1},
    {"source": "LPPA-IEs.OTDOACells", "target": "LPPA-IEs.OTDOACells-ExtIEs", "value": 1},
    {"source": "LPPA-IEs.OTDOACells", "target": "LPPA-Containers.ProtocolExtensionContainer", "value": 1},
    {"source": "LPPA-Constants.id-privateMessage", "target": "LPPA-CommonDataTypes.ProcedureCode", "value": 1},
    {"source": "LPPA-IEs.ResultGERAN", "target": "LPPA-IEs.ResultGERAN-Item", "value": 1},
    {"source": "LPPA-IEs.ResultGERAN", "target": "LPPA-Constants.maxGERANMeas", "value": 1},
    {"source": "LPPA-PDU-Contents.UTDOAInformationRequest", "target": "LPPA-Containers.ProtocolIE-Container", "value": 1},
    {"source": "LPPA-PDU-Contents.UTDOAInformationRequest", "target": "LPPA-PDU-Contents.UTDOAInformationRequest-IEs", "value": 1},
    {"source": "LPPA-Constants.id-oTDOAInformationExchange", "target": "LPPA-CommonDataTypes.ProcedureCode", "value": 1},
    {"source": "LPPA-Constants.id-Broadcast", "target": "LPPA-CommonDataTypes.ProtocolIE-ID", "value": 1},
    {"source": "LPPA-Containers.LPPA-PROTOCOL-IES", "target": "LPPA-CommonDataTypes.Presence", "value": 1},
    {"source": "LPPA-Containers.LPPA-PROTOCOL-IES", "target": "LPPA-CommonDataTypes.ProtocolIE-ID", "value": 1},
    {"source": "LPPA-Containers.LPPA-PROTOCOL-IES", "target": "LPPA-CommonDataTypes.Criticality", "value": 1},
    {"source": "LPPA-PDU-Contents.AssistanceInformationControl", "target": "LPPA-PDU-Contents.AssistanceInformationControl-IEs", "value": 1},
    {"source": "LPPA-PDU-Contents.AssistanceInformationControl", "target": "LPPA-Containers.ProtocolIE-Container", "value": 1},
    {"source": "LPPA-IEs.CriticalityDiagnostics-IE-List-ExtIEs", "target": "LPPA-Containers.LPPA-PROTOCOL-EXTENSION", "value": 1},
    {"source": "LPPA-IEs.ResultGERAN-Item", "target": "LPPA-IEs.PhysCellIDGERAN", "value": 1},
    {"source": "LPPA-IEs.ResultGERAN-Item", "target": "LPPA-IEs.BCCH", "value": 1},
    {"source": "LPPA-IEs.ResultGERAN-Item", "target": "LPPA-IEs.ResultGERAN-Item-ExtIEs", "value": 1},
    {"source": "LPPA-IEs.ResultGERAN-Item", "target": "LPPA-IEs.RSSI", "value": 1},
    {"source": "LPPA-IEs.ResultGERAN-Item", "target": "LPPA-Containers.ProtocolExtensionContainer", "value": 1},
    {"source": "LPPA-PDU-Contents.E-CIDMeasurementFailureIndication", "target": "LPPA-PDU-Contents.E-CIDMeasurementFailureIndication-IEs", "value": 1},
    {"source": "LPPA-PDU-Contents.E-CIDMeasurementFailureIndication", "target": "LPPA-Containers.ProtocolIE-Container", "value": 1},
    {"source": "LPPA-Containers.PrivateIE-Container", "target": "LPPA-Containers.LPPA-PRIVATE-IES", "value": 1},
    {"source": "LPPA-Containers.PrivateIE-Container", "target": "LPPA-Containers.PrivateIE-Field", "value": 1},
    {"source": "LPPA-Containers.PrivateIE-Container", "target": "LPPA-CommonDataTypes.maxPrivateIEs", "value": 1},
    {"source": "LPPA-PDU-Contents.E-CIDMeasurementReport-IEs", "target": "LPPA-IEs.Cell-Portion-ID", "value": 1},
    {"source": "LPPA-PDU-Contents.E-CIDMeasurementReport-IEs", "target": "LPPA-Containers.LPPA-PROTOCOL-IES", "value": 1},
    {"source": "LPPA-PDU-Contents.E-CIDMeasurementReport-IEs", "target": "LPPA-IEs.E-CID-MeasurementResult", "value": 1},
    {"source": "LPPA-PDU-Contents.E-CIDMeasurementReport-IEs", "target": "LPPA-IEs.Measurement-ID", "value": 1},
    {"source": "LPPA-Constants.id-Cause", "target": "LPPA-CommonDataTypes.ProtocolIE-ID", "value": 1},
    {"source": "LPPA-IEs.TDDConfiguration-ExtIEs", "target": "LPPA-Containers.LPPA-PROTOCOL-EXTENSION", "value": 1},
    {"source": "LPPA-PDU-Contents.E-CIDMeasurementInitiationFailure-IEs", "target": "LPPA-IEs.Cause", "value": 1},
    {"source": "LPPA-PDU-Contents.E-CIDMeasurementInitiationFailure-IEs", "target": "LPPA-Containers.LPPA-PROTOCOL-IES", "value": 1},
    {"source": "LPPA-PDU-Contents.E-CIDMeasurementInitiationFailure-IEs", "target": "LPPA-IEs.CriticalityDiagnostics", "value": 1},
    {"source": "LPPA-PDU-Contents.E-CIDMeasurementInitiationFailure-IEs", "target": "LPPA-IEs.Measurement-ID", "value": 1}
  ]
}
